Workbook
Name Go_details: 'GO details'!$B$1:$H$939
Name GO: 'GO BPOD'!$A$1:$T$251
Name PPO_GO_1: 'PPO-GO'!$F$1:$X$128
Name Shipment_status_1: 'Shipment status'!$B$1:$O$70
Name Shipment_status_2: 'Shipment status'!$B$1028:$B$1030
Name Shipment_status_3: 'Shipment status'!$B$2098:$B$2100
Name Shipment_status_4: 'Shipment status'!$B$567:$B$569
Name Shipment_status_5: 'Shipment status'!$B$1651:$B$1653
Name Shipment_status_6: 'Shipment status'!$B$2598:$B$2600

Sheet Flat knit
B2: GO | C2: =COI!M4
I3: O | L3: F | O3: U | R3: L | T3: C5 | U3: C6 | V3: K | W3: L | X3: Q | Y3: S | Z3: TB | AA3: TC | AB3: TD | AC3: TE | AD3: TF | AE3: TG | AF3: TH | AG3: TI | AH3: TJ | AI3: U | AJ3: U5 | AK3: V
A4: COLOR_DESC | B4: COLOR_CODE | C4: SIZE_CODE1 | D4: % SHORT | E4: % OVER | F4: Gmt QTY | G4: Allow short Q'ty | H4: Order | I4: Collar allocated Q'ty | J4: % Allocate | K4: Order | L4: Cuff allocated Q'ty | M4: % Allocate | N4: Order | O4: Allocated | P4: % Allocate | Q4: Order | R4: Allocated | S4: % Allocate
A5: (blank) | B5: (blank) | C5: (blank) | I5: =MAX(SUMIFS('Shipment status'!$L:$L,'Shipment status'!$A:$A,TRIM(CLEAN(SUBSTITUTE(VLOOKUP($B5&I$3,'PPO-GO'!$A:$AA,12,0)," ",""))),'Shipment status'!$H:$H,I$3,'Shipment status'!$K:$K,'Flat knit'!$C5),SUMIFS('Shipment status'!$L:$L,'Shipment status'!$A:$A,'Flat knit'!$B5,'Shipment status'!$H:$H,I$3,'Shipment status'!$K:$K,'Flat knit'!$C5)) | J5: =IFERROR(I5/$F5,"-") | L5: =MAX(SUMIFS('Shipment status'!$L:$L,'Shipment status'!$A:$A,TRIM(CLEAN(SUBSTITUTE(VLOOKUP($B5&L$3,'PPO-GO'!$A:$AA,12,0)," ",""))),'Shipment status'!$H:$H,L$3,'Shipment status'!$K:$K,'Flat knit'!$C5),SUMIFS('Shipment status'!$L:$L,'Shipment status'!$A:$A,'Flat knit'!$B5,'Shipment status'!$H:$H,L$3,'Shipment status'!$K:$K,'Flat knit'!$C5)) | M5: =IFERROR(IF(L5>I5*1.5,0.5,1)*L5/$F5,"-") | O5: =MAX(SUMIFS('Shipment status'!$L:$L,'Shipment status'!$A:$A,TRIM(CLEAN(SUBSTITUTE(VLOOKUP($B5,'PPO-GO'!$D:$L,9,0)," ",""))),'Shipment status'!$H:$H,O$3,'Shipment status'!$K:$K,'Flat knit'!$C5),SUMIFS('Shipment status'!$L:$L,'Shipment status'!$A:$A,'Flat knit'!$B5,'Shipment status'!$H:$H,O$3,'Shipment status'!$K:$K,'Flat knit'!$C5)) | P5: =IFERROR(O5/$F5,"-") | R5: =MAX(SUMIFS('Shipment status'!$L:$L,'Shipment status'!$A:$A,TRIM(CLEAN(SUBSTITUTE(VLOOKUP($B5,'PPO-GO'!$D:$L,9,0)," ",""))),'Shipment status'!$H:$H,R$3,'Shipment status'!$K:$K,'Flat knit'!$C5),SUMIFS('Shipment status'!$L:$L,'Shipment status'!$A:$A,'Flat knit'!$B5,'Shipment status'!$H:$H,R$3,'Shipment status'!$K:$K,'Flat knit'!$C5)) | S5: =IFERROR(R5/$F5,"-") | T5: =SUMIFS('Shipment status'!$L:$L,'Shipment status'!$A:$A,'Flat knit'!$B5,'Shipment status'!$H:$H,T$3,'Shipment status'!$K:$K,'Flat knit'!$C5) | U5: =SUMIFS('Shipment status'!$L:$L,'Shipment status'!$A:$A,'Flat knit'!$B5,'Shipment status'!$H:$H,U$3,'Shipment status'!$K:$K,'Flat knit'!$C5) | V5: =SUMIFS('Shipment status'!$L:$L,'Shipment status'!$A:$A,'Flat knit'!$B5,'Shipment status'!$H:$H,V$3,'Shipment status'!$K:$K,'Flat knit'!$C5) | W5: =SUMIFS('Shipment status'!$L:$L,'Shipment status'!$A:$A,'Flat knit'!$B5,'Shipment status'!$H:$H,W$3,'Shipment status'!$K:$K,'Flat knit'!$C5) | X5: =SUMIFS('Shipment status'!$L:$L,'Shipment status'!$A:$A,'Flat knit'!$B5,'Shipment status'!$H:$H,X$3,'Shipment status'!$K:$K,'Flat knit'!$C5) | Y5: =SUMIFS('Shipment status'!$L:$L,'Shipment status'!$A:$A,'Flat knit'!$B5,'Shipment status'!$H:$H,Y$3,'Shipment status'!$K:$K,'Flat knit'!$C5) | Z5: =SUMIFS('Shipment status'!$L:$L,'Shipment status'!$A:$A,'Flat knit'!$B5,'Shipment status'!$H:$H,Z$3,'Shipment status'!$K:$K,'Flat knit'!$C5) | AA5: =SUMIFS('Shipment status'!$L:$L,'Shipment status'!$A:$A,'Flat knit'!$B5,'Shipment status'!$H:$H,AA$3,'Shipment status'!$K:$K,'Flat knit'!$C5) | ... AK5: =SUMIFS('Shipment status'!$L:$L,'Shipment status'!$A:$A,'Flat knit'!$B5,'Shipment status'!$H:$H,AK$3,'Shipment status'!$K:$K,'Flat knit'!$C5)
A6: Signature Navy | B6: 26 | C6: XL | D6: 2 | E6: 2 | F6: 1175 | G6: 7.84 | I6: =MAX(SUMIFS('Shipment status'!$L:$L,'Shipment status'!$A:$A,TRIM(CLEAN(SUBSTITUTE(VLOOKUP($B6&I$3,'PPO-GO'!$A:$AA,12,0)," ",""))),'Shipment status'!$H:$H,I$3,'Shipment status'!$K:$K,'Flat knit'!$C6),SUMIFS('Shipment status'!$L:$L,'Shipment status'!$A:$A,'Flat knit'!$B6,'Shipment status'!$H:$H,I$3,'Shipment status'!$K:$K,'Flat knit'!$C6)) | J6: =IFERROR(I6/$F6,"-") | L6: =MAX(SUMIFS('Shipment status'!$L:$L,'Shipment status'!$A:$A,TRIM(CLEAN(SUBSTITUTE(VLOOKUP($B6&L$3,'PPO-GO'!$A:$AA,12,0)," ",""))),'Shipment status'!$H:$H,L$3,'Shipment status'!$K:$K,'Flat knit'!$C6),SUMIFS('Shipment status'!$L:$L,'Shipment status'!$A:$A,'Flat knit'!$B6,'Shipment status'!$H:$H,L$3,'Shipment status'!$K:$K,'Flat knit'!$C6)) | M6: =IFERROR(IF(L6>I6*1.5,0.5,1)*L6/$F6,"-") | O6: =MAX(SUMIFS('Shipment status'!$L:$L,'Shipment status'!$A:$A,TRIM(CLEAN(SUBSTITUTE(VLOOKUP($B6,'PPO-GO'!$D:$L,9,0)," ",""))),'Shipment status'!$H:$H,O$3,'Shipment status'!$K:$K,'Flat knit'!$C6),SUMIFS('Shipment status'!$L:$L,'Shipment status'!$A:$A,'Flat knit'!$B6,'Shipment status'!$H:$H,O$3,'Shipment status'!$K:$K,'Flat knit'!$C6)) | P6: =IFERROR(O6/$F6,"-") | R6: =MAX(SUMIFS('Shipment status'!$L:$L,'Shipment status'!$A:$A,TRIM(CLEAN(SUBSTITUTE(VLOOKUP($B6,'PPO-GO'!$D:$L,9,0)," ",""))),'Shipment status'!$H:$H,R$3,'Shipment status'!$K:$K,'Flat knit'!$C6),SUMIFS('Shipment status'!$L:$L,'Shipment status'!$A:$A,'Flat knit'!$B6,'Shipment status'!$H:$H,R$3,'Shipment status'!$K:$K,'Flat knit'!$C6)) | S6: =IFERROR(R6/$F6,"-") | T6: =SUMIFS('Shipment status'!$L:$L,'Shipment status'!$A:$A,'Flat knit'!$B6,'Shipment status'!$H:$H,T$3,'Shipment status'!$K:$K,'Flat knit'!$C6) | U6: =SUMIFS('Shipment status'!$L:$L,'Shipment status'!$A:$A,'Flat knit'!$B6,'Shipment status'!$H:$H,U$3,'Shipment status'!$K:$K,'Flat knit'!$C6) | V6: =SUMIFS('Shipment status'!$L:$L,'Shipment status'!$A:$A,'Flat knit'!$B6,'Shipment status'!$H:$H,V$3,'Shipment status'!$K:$K,'Flat knit'!$C6) | W6: =SUMIFS('Shipment status'!$L:$L,'Shipment status'!$A:$A,'Flat knit'!$B6,'Shipment status'!$H:$H,W$3,'Shipment status'!$K:$K,'Flat knit'!$C6) | X6: =SUMIFS('Shipment status'!$L:$L,'Shipment status'!$A:$A,'Flat knit'!$B6,'Shipment status'!$H:$H,X$3,'Shipment status'!$K:$K,'Flat knit'!$C6) | Y6: =SUMIFS('Shipment status'!$L:$L,'Shipment status'!$A:$A,'Flat knit'!$B6,'Shipment status'!$H:$H,Y$3,'Shipment status'!$K:$K,'Flat knit'!$C6) | Z6: =SUMIFS('Shipment status'!$L:$L,'Shipment status'!$A:$A,'Flat knit'!$B6,'Shipment status'!$H:$H,Z$3,'Shipment status'!$K:$K,'Flat knit'!$C6) | AA6: =SUMIFS('Shipment status'!$L:$L,'Shipment status'!$A:$A,'Flat knit'!$B6,'Shipment status'!$H:$H,AA$3,'Shipment status'!$K:$K,'Flat knit'!$C6) | ... AK6: =SUMIFS('Shipment status'!$L:$L,'Shipment status'!$A:$A,'Flat knit'!$B6,'Shipment status'!$H:$H,AK$3,'Shipment status'!$K:$K,'Flat knit'!$C6)
A7: Signature Navy | B7: 26 | C7: S | D7: 2 | E7: 2 | F7: 580 | G7: 2.04 | I7: =MAX(SUMIFS('Shipment status'!$L:$L,'Shipment status'!$A:$A,TRIM(CLEAN(SUBSTITUTE(VLOOKUP($B7&I$3,'PPO-GO'!$A:$AA,12,0)," ",""))),'Shipment status'!$H:$H,I$3,'Shipment status'!$K:$K,'Flat knit'!$C7),SUMIFS('Shipment status'!$L:$L,'Shipment status'!$A:$A,'Flat knit'!$B7,'Shipment status'!$H:$H,I$3,'Shipment status'!$K:$K,'Flat knit'!$C7)) | J7: =IFERROR(I7/$F7,"-") | L7: =MAX(SUMIFS('Shipment status'!$L:$L,'Shipment status'!$A:$A,TRIM(CLEAN(SUBSTITUTE(VLOOKUP($B7&L$3,'PPO-GO'!$A:$AA,12,0)," ",""))),'Shipment status'!$H:$H,L$3,'Shipment status'!$K:$K,'Flat knit'!$C7),SUMIFS('Shipment status'!$L:$L,'Shipment status'!$A:$A,'Flat knit'!$B7,'Shipment status'!$H:$H,L$3,'Shipment status'!$K:$K,'Flat knit'!$C7)) | M7: =IFERROR(IF(L7>I7*1.5,0.5,1)*L7/$F7,"-") | O7: =MAX(SUMIFS('Shipment status'!$L:$L,'Shipment status'!$A:$A,TRIM(CLEAN(SUBSTITUTE(VLOOKUP($B7,'PPO-GO'!$D:$L,9,0)," ",""))),'Shipment status'!$H:$H,O$3,'Shipment status'!$K:$K,'Flat knit'!$C7),SUMIFS('Shipment status'!$L:$L,'Shipment status'!$A:$A,'Flat knit'!$B7,'Shipment status'!$H:$H,O$3,'Shipment status'!$K:$K,'Flat knit'!$C7)) | P7: =IFERROR(O7/$F7,"-") | R7: =MAX(SUMIFS('Shipment status'!$L:$L,'Shipment status'!$A:$A,TRIM(CLEAN(SUBSTITUTE(VLOOKUP($B7,'PPO-GO'!$D:$L,9,0)," ",""))),'Shipment status'!$H:$H,R$3,'Shipment status'!$K:$K,'Flat knit'!$C7),SUMIFS('Shipment status'!$L:$L,'Shipment status'!$A:$A,'Flat knit'!$B7,'Shipment status'!$H:$H,R$3,'Shipment status'!$K:$K,'Flat knit'!$C7)) | S7: =IFERROR(R7/$F7,"-") | T7: =SUMIFS('Shipment status'!$L:$L,'Shipment status'!$A:$A,'Flat knit'!$B7,'Shipment status'!$H:$H,T$3,'Shipment status'!$K:$K,'Flat knit'!$C7) | U7: =SUMIFS('Shipment status'!$L:$L,'Shipment status'!$A:$A,'Flat knit'!$B7,'Shipment status'!$H:$H,U$3,'Shipment status'!$K:$K,'Flat knit'!$C7) | V7: =SUMIFS('Shipment status'!$L:$L,'Shipment status'!$A:$A,'Flat knit'!$B7,'Shipment status'!$H:$H,V$3,'Shipment status'!$K:$K,'Flat knit'!$C7) | W7: =SUMIFS('Shipment status'!$L:$L,'Shipment status'!$A:$A,'Flat knit'!$B7,'Shipment status'!$H:$H,W$3,'Shipment status'!$K:$K,'Flat knit'!$C7) | X7: =SUMIFS('Shipment status'!$L:$L,'Shipment status'!$A:$A,'Flat knit'!$B7,'Shipment status'!$H:$H,X$3,'Shipment status'!$K:$K,'Flat knit'!$C7) | Y7: =SUMIFS('Shipment status'!$L:$L,'Shipment status'!$A:$A,'Flat knit'!$B7,'Shipment status'!$H:$H,Y$3,'Shipment status'!$K:$K,'Flat knit'!$C7) | Z7: =SUMIFS('Shipment status'!$L:$L,'Shipment status'!$A:$A,'Flat knit'!$B7,'Shipment status'!$H:$H,Z$3,'Shipment status'!$K:$K,'Flat knit'!$C7) | AA7: =SUMIFS('Shipment status'!$L:$L,'Shipment status'!$A:$A,'Flat knit'!$B7,'Shipment status'!$H:$H,AA$3,'Shipment status'!$K:$K,'Flat knit'!$C7) | ... AK7: =SUMIFS('Shipment status'!$L:$L,'Shipment status'!$A:$A,'Flat knit'!$B7,'Shipment status'!$H:$H,AK$3,'Shipment status'!$K:$K,'Flat knit'!$C7)
A8: Signature Navy | B8: 26 | C8: M | D8: 2 | E8: 2 | F8: 1200 | G8: 7.26 | I8: =MAX(SUMIFS('Shipment status'!$L:$L,'Shipment status'!$A:$A,TRIM(CLEAN(SUBSTITUTE(VLOOKUP($B8&I$3,'PPO-GO'!$A:$AA,12,0)," ",""))),'Shipment status'!$H:$H,I$3,'Shipment status'!$K:$K,'Flat knit'!$C8),SUMIFS('Shipment status'!$L:$L,'Shipment status'!$A:$A,'Flat knit'!$B8,'Shipment status'!$H:$H,I$3,'Shipment status'!$K:$K,'Flat knit'!$C8)) | J8: =IFERROR(I8/$F8,"-") | L8: =MAX(SUMIFS('Shipment status'!$L:$L,'Shipment status'!$A:$A,TRIM(CLEAN(SUBSTITUTE(VLOOKUP($B8&L$3,'PPO-GO'!$A:$AA,12,0)," ",""))),'Shipment status'!$H:$H,L$3,'Shipment status'!$K:$K,'Flat knit'!$C8),SUMIFS('Shipment status'!$L:$L,'Shipment status'!$A:$A,'Flat knit'!$B8,'Shipment status'!$H:$H,L$3,'Shipment status'!$K:$K,'Flat knit'!$C8)) | M8: =IFERROR(IF(L8>I8*1.5,0.5,1)*L8/$F8,"-") | O8: =MAX(SUMIFS('Shipment status'!$L:$L,'Shipment status'!$A:$A,TRIM(CLEAN(SUBSTITUTE(VLOOKUP($B8,'PPO-GO'!$D:$L,9,0)," ",""))),'Shipment status'!$H:$H,O$3,'Shipment status'!$K:$K,'Flat knit'!$C8),SUMIFS('Shipment status'!$L:$L,'Shipment status'!$A:$A,'Flat knit'!$B8,'Shipment status'!$H:$H,O$3,'Shipment status'!$K:$K,'Flat knit'!$C8)) | P8: =IFERROR(O8/$F8,"-") | R8: =MAX(SUMIFS('Shipment status'!$L:$L,'Shipment status'!$A:$A,TRIM(CLEAN(SUBSTITUTE(VLOOKUP($B8,'PPO-GO'!$D:$L,9,0)," ",""))),'Shipment status'!$H:$H,R$3,'Shipment status'!$K:$K,'Flat knit'!$C8),SUMIFS('Shipment status'!$L:$L,'Shipment status'!$A:$A,'Flat knit'!$B8,'Shipment status'!$H:$H,R$3,'Shipment status'!$K:$K,'Flat knit'!$C8)) | S8: =IFERROR(R8/$F8,"-") | T8: =SUMIFS('Shipment status'!$L:$L,'Shipment status'!$A:$A,'Flat knit'!$B8,'Shipment status'!$H:$H,T$3,'Shipment status'!$K:$K,'Flat knit'!$C8) | U8: =SUMIFS('Shipment status'!$L:$L,'Shipment status'!$A:$A,'Flat knit'!$B8,'Shipment status'!$H:$H,U$3,'Shipment status'!$K:$K,'Flat knit'!$C8) | V8: =SUMIFS('Shipment status'!$L:$L,'Shipment status'!$A:$A,'Flat knit'!$B8,'Shipment status'!$H:$H,V$3,'Shipment status'!$K:$K,'Flat knit'!$C8) | W8: =SUMIFS('Shipment status'!$L:$L,'Shipment status'!$A:$A,'Flat knit'!$B8,'Shipment status'!$H:$H,W$3,'Shipment status'!$K:$K,'Flat knit'!$C8) | X8: =SUMIFS('Shipment status'!$L:$L,'Shipment status'!$A:$A,'Flat knit'!$B8,'Shipment status'!$H:$H,X$3,'Shipment status'!$K:$K,'Flat knit'!$C8) | Y8: =SUMIFS('Shipment status'!$L:$L,'Shipment status'!$A:$A,'Flat knit'!$B8,'Shipment status'!$H:$H,Y$3,'Shipment status'!$K:$K,'Flat knit'!$C8) | Z8: =SUMIFS('Shipment status'!$L:$L,'Shipment status'!$A:$A,'Flat knit'!$B8,'Shipment status'!$H:$H,Z$3,'Shipment status'!$K:$K,'Flat knit'!$C8) | AA8: =SUMIFS('Shipment status'!$L:$L,'Shipment status'!$A:$A,'Flat knit'!$B8,'Shipment status'!$H:$H,AA$3,'Shipment status'!$K:$K,'Flat knit'!$C8) | ... AK8: =SUMIFS('Shipment status'!$L:$L,'Shipment status'!$A:$A,'Flat knit'!$B8,'Shipment status'!$H:$H,AK$3,'Shipment status'!$K:$K,'Flat knit'!$C8)
A9: Signature Navy | B9: 26 | C9: L | D9: 2 | E9: 2 | F9: 1448 | G9: 9.12 | I9: =MAX(SUMIFS('Shipment status'!$L:$L,'Shipment status'!$A:$A,TRIM(CLEAN(SUBSTITUTE(VLOOKUP($B9&I$3,'PPO-GO'!$A:$AA,12,0)," ",""))),'Shipment status'!$H:$H,I$3,'Shipment status'!$K:$K,'Flat knit'!$C9),SUMIFS('Shipment status'!$L:$L,'Shipment status'!$A:$A,'Flat knit'!$B9,'Shipment status'!$H:$H,I$3,'Shipment status'!$K:$K,'Flat knit'!$C9)) | J9: =IFERROR(I9/$F9,"-") | L9: =MAX(SUMIFS('Shipment status'!$L:$L,'Shipment status'!$A:$A,TRIM(CLEAN(SUBSTITUTE(VLOOKUP($B9&L$3,'PPO-GO'!$A:$AA,12,0)," ",""))),'Shipment status'!$H:$H,L$3,'Shipment status'!$K:$K,'Flat knit'!$C9),SUMIFS('Shipment status'!$L:$L,'Shipment status'!$A:$A,'Flat knit'!$B9,'Shipment status'!$H:$H,L$3,'Shipment status'!$K:$K,'Flat knit'!$C9)) | M9: =IFERROR(IF(L9>I9*1.5,0.5,1)*L9/$F9,"-") | O9: =MAX(SUMIFS('Shipment status'!$L:$L,'Shipment status'!$A:$A,TRIM(CLEAN(SUBSTITUTE(VLOOKUP($B9,'PPO-GO'!$D:$L,9,0)," ",""))),'Shipment status'!$H:$H,O$3,'Shipment status'!$K:$K,'Flat knit'!$C9),SUMIFS('Shipment status'!$L:$L,'Shipment status'!$A:$A,'Flat knit'!$B9,'Shipment status'!$H:$H,O$3,'Shipment status'!$K:$K,'Flat knit'!$C9)) | P9: =IFERROR(O9/$F9,"-") | R9: =MAX(SUMIFS('Shipment status'!$L:$L,'Shipment status'!$A:$A,TRIM(CLEAN(SUBSTITUTE(VLOOKUP($B9,'PPO-GO'!$D:$L,9,0)," ",""))),'Shipment status'!$H:$H,R$3,'Shipment status'!$K:$K,'Flat knit'!$C9),SUMIFS('Shipment status'!$L:$L,'Shipment status'!$A:$A,'Flat knit'!$B9,'Shipment status'!$H:$H,R$3,'Shipment status'!$K:$K,'Flat knit'!$C9)) | S9: =IFERROR(R9/$F9,"-") | T9: =SUMIFS('Shipment status'!$L:$L,'Shipment status'!$A:$A,'Flat knit'!$B9,'Shipment status'!$H:$H,T$3,'Shipment status'!$K:$K,'Flat knit'!$C9) | U9: =SUMIFS('Shipment status'!$L:$L,'Shipment status'!$A:$A,'Flat knit'!$B9,'Shipment status'!$H:$H,U$3,'Shipment status'!$K:$K,'Flat knit'!$C9) | V9: =SUMIFS('Shipment status'!$L:$L,'Shipment status'!$A:$A,'Flat knit'!$B9,'Shipment status'!$H:$H,V$3,'Shipment status'!$K:$K,'Flat knit'!$C9) | W9: =SUMIFS('Shipment status'!$L:$L,'Shipment status'!$A:$A,'Flat knit'!$B9,'Shipment status'!$H:$H,W$3,'Shipment status'!$K:$K,'Flat knit'!$C9) | X9: =SUMIFS('Shipment status'!$L:$L,'Shipment status'!$A:$A,'Flat knit'!$B9,'Shipment status'!$H:$H,X$3,'Shipment status'!$K:$K,'Flat knit'!$C9) | Y9: =SUMIFS('Shipment status'!$L:$L,'Shipment status'!$A:$A,'Flat knit'!$B9,'Shipment status'!$H:$H,Y$3,'Shipment status'!$K:$K,'Flat knit'!$C9) | Z9: =SUMIFS('Shipment status'!$L:$L,'Shipment status'!$A:$A,'Flat knit'!$B9,'Shipment status'!$H:$H,Z$3,'Shipment status'!$K:$K,'Flat knit'!$C9) | AA9: =SUMIFS('Shipment status'!$L:$L,'Shipment status'!$A:$A,'Flat knit'!$B9,'Shipment status'!$H:$H,AA$3,'Shipment status'!$K:$K,'Flat knit'!$C9) | ... AK9: =SUMIFS('Shipment status'!$L:$L,'Shipment status'!$A:$A,'Flat knit'!$B9,'Shipment status'!$H:$H,AK$3,'Shipment status'!$K:$K,'Flat knit'!$C9)
A10: Signature Navy | B10: 26 | C10: TTL | D10: 2 | E10: 2 | F10: 2000 | I10: =MAX(SUMIFS('Shipment status'!$L:$L,'Shipment status'!$A:$A,TRIM(CLEAN(SUBSTITUTE(VLOOKUP($B10&I$3,'PPO-GO'!$A:$AA,12,0)," ",""))),'Shipment status'!$H:$H,I$3,'Shipment status'!$K:$K,'Flat knit'!$C10),SUMIFS('Shipment status'!$L:$L,'Shipment status'!$A:$A,'Flat knit'!$B10,'Shipment status'!$H:$H,I$3,'Shipment status'!$K:$K,'Flat knit'!$C10)) | J10: =IFERROR(I10/$F10,"-") | L10: =MAX(SUMIFS('Shipment status'!$L:$L,'Shipment status'!$A:$A,TRIM(CLEAN(SUBSTITUTE(VLOOKUP($B10&L$3,'PPO-GO'!$A:$AA,12,0)," ",""))),'Shipment status'!$H:$H,L$3,'Shipment status'!$K:$K,'Flat knit'!$C10),SUMIFS('Shipment status'!$L:$L,'Shipment status'!$A:$A,'Flat knit'!$B10,'Shipment status'!$H:$H,L$3,'Shipment status'!$K:$K,'Flat knit'!$C10)) | M10: =IFERROR(IF(L10>I10*1.5,0.5,1)*L10/$F10,"-") | O10: =MAX(SUMIFS('Shipment status'!$L:$L,'Shipment status'!$A:$A,TRIM(CLEAN(SUBSTITUTE(VLOOKUP($B10,'PPO-GO'!$D:$L,9,0)," ",""))),'Shipment status'!$H:$H,O$3,'Shipment status'!$K:$K,'Flat knit'!$C10),SUMIFS('Shipment status'!$L:$L,'Shipment status'!$A:$A,'Flat knit'!$B10,'Shipment status'!$H:$H,O$3,'Shipment status'!$K:$K,'Flat knit'!$C10)) | P10: =IFERROR(O10/$F10,"-") | R10: =MAX(SUMIFS('Shipment status'!$L:$L,'Shipment status'!$A:$A,TRIM(CLEAN(SUBSTITUTE(VLOOKUP($B10,'PPO-GO'!$D:$L,9,0)," ",""))),'Shipment status'!$H:$H,R$3,'Shipment status'!$K:$K,'Flat knit'!$C10),SUMIFS('Shipment status'!$L:$L,'Shipment status'!$A:$A,'Flat knit'!$B10,'Shipment status'!$H:$H,R$3,'Shipment status'!$K:$K,'Flat knit'!$C10)) | S10: =IFERROR(R10/$F10,"-") | T10: =SUMIFS('Shipment status'!$L:$L,'Shipment status'!$A:$A,'Flat knit'!$B10,'Shipment status'!$H:$H,T$3,'Shipment status'!$K:$K,'Flat knit'!$C10) | U10: =SUMIFS('Shipment status'!$L:$L,'Shipment status'!$A:$A,'Flat knit'!$B10,'Shipment status'!$H:$H,U$3,'Shipment status'!$K:$K,'Flat knit'!$C10) | V10: =SUMIFS('Shipment status'!$L:$L,'Shipment status'!$A:$A,'Flat knit'!$B10,'Shipment status'!$H:$H,V$3,'Shipment status'!$K:$K,'Flat knit'!$C10) | W10: =SUMIFS('Shipment status'!$L:$L,'Shipment status'!$A:$A,'Flat knit'!$B10,'Shipment status'!$H:$H,W$3,'Shipment status'!$K:$K,'Flat knit'!$C10) | X10: =SUMIFS('Shipment status'!$L:$L,'Shipment status'!$A:$A,'Flat knit'!$B10,'Shipment status'!$H:$H,X$3,'Shipment status'!$K:$K,'Flat knit'!$C10) | Y10: =SUMIFS('Shipment status'!$L:$L,'Shipment status'!$A:$A,'Flat knit'!$B10,'Shipment status'!$H:$H,Y$3,'Shipment status'!$K:$K,'Flat knit'!$C10) | Z10: =SUMIFS('Shipment status'!$L:$L,'Shipment status'!$A:$A,'Flat knit'!$B10,'Shipment status'!$H:$H,Z$3,'Shipment status'!$K:$K,'Flat knit'!$C10) | AA10: =SUMIFS('Shipment status'!$L:$L,'Shipment status'!$A:$A,'Flat knit'!$B10,'Shipment status'!$H:$H,AA$3,'Shipment status'!$K:$K,'Flat knit'!$C10) | ... AK10: =SUMIFS('Shipment status'!$L:$L,'Shipment status'!$A:$A,'Flat knit'!$B10,'Shipment status'!$H:$H,AK$3,'Shipment status'!$K:$K,'Flat knit'!$C10)
A11: Signature Navy | B11: 26 | C11: XXXL | D11: 2 | E11: 2 | F11: 181 | G11: 2.6 | I11: =MAX(SUMIFS('Shipment status'!$L:$L,'Shipment status'!$A:$A,TRIM(CLEAN(SUBSTITUTE(VLOOKUP($B11&I$3,'PPO-GO'!$A:$AA,12,0)," ",""))),'Shipment status'!$H:$H,I$3,'Shipment status'!$K:$K,'Flat knit'!$C11),SUMIFS('Shipment status'!$L:$L,'Shipment status'!$A:$A,'Flat knit'!$B11,'Shipment status'!$H:$H,I$3,'Shipment status'!$K:$K,'Flat knit'!$C11)) | J11: =IFERROR(I11/$F11,"-") | L11: =MAX(SUMIFS('Shipment status'!$L:$L,'Shipment status'!$A:$A,TRIM(CLEAN(SUBSTITUTE(VLOOKUP($B11&L$3,'PPO-GO'!$A:$AA,12,0)," ",""))),'Shipment status'!$H:$H,L$3,'Shipment status'!$K:$K,'Flat knit'!$C11),SUMIFS('Shipment status'!$L:$L,'Shipment status'!$A:$A,'Flat knit'!$B11,'Shipment status'!$H:$H,L$3,'Shipment status'!$K:$K,'Flat knit'!$C11)) | M11: =IFERROR(IF(L11>I11*1.5,0.5,1)*L11/$F11,"-") | O11: =MAX(SUMIFS('Shipment status'!$L:$L,'Shipment status'!$A:$A,TRIM(CLEAN(SUBSTITUTE(VLOOKUP($B11,'PPO-GO'!$D:$L,9,0)," ",""))),'Shipment status'!$H:$H,O$3,'Shipment status'!$K:$K,'Flat knit'!$C11),SUMIFS('Shipment status'!$L:$L,'Shipment status'!$A:$A,'Flat knit'!$B11,'Shipment status'!$H:$H,O$3,'Shipment status'!$K:$K,'Flat knit'!$C11)) | P11: =IFERROR(O11/$F11,"-") | R11: =MAX(SUMIFS('Shipment status'!$L:$L,'Shipment status'!$A:$A,TRIM(CLEAN(SUBSTITUTE(VLOOKUP($B11,'PPO-GO'!$D:$L,9,0)," ",""))),'Shipment status'!$H:$H,R$3,'Shipment status'!$K:$K,'Flat knit'!$C11),SUMIFS('Shipment status'!$L:$L,'Shipment status'!$A:$A,'Flat knit'!$B11,'Shipment status'!$H:$H,R$3,'Shipment status'!$K:$K,'Flat knit'!$C11)) | S11: =IFERROR(R11/$F11,"-") | T11: =SUMIFS('Shipment status'!$L:$L,'Shipment status'!$A:$A,'Flat knit'!$B11,'Shipment status'!$H:$H,T$3,'Shipment status'!$K:$K,'Flat knit'!$C11) | U11: =SUMIFS('Shipment status'!$L:$L,'Shipment status'!$A:$A,'Flat knit'!$B11,'Shipment status'!$H:$H,U$3,'Shipment status'!$K:$K,'Flat knit'!$C11) | V11: =SUMIFS('Shipment status'!$L:$L,'Shipment status'!$A:$A,'Flat knit'!$B11,'Shipment status'!$H:$H,V$3,'Shipment status'!$K:$K,'Flat knit'!$C11) | W11: =SUMIFS('Shipment status'!$L:$L,'Shipment status'!$A:$A,'Flat knit'!$B11,'Shipment status'!$H:$H,W$3,'Shipment status'!$K:$K,'Flat knit'!$C11) | X11: =SUMIFS('Shipment status'!$L:$L,'Shipment status'!$A:$A,'Flat knit'!$B11,'Shipment status'!$H:$H,X$3,'Shipment status'!$K:$K,'Flat knit'!$C11) | Y11: =SUMIFS('Shipment status'!$L:$L,'Shipment status'!$A:$A,'Flat knit'!$B11,'Shipment status'!$H:$H,Y$3,'Shipment status'!$K:$K,'Flat knit'!$C11) | Z11: =SUMIFS('Shipment status'!$L:$L,'Shipment status'!$A:$A,'Flat knit'!$B11,'Shipment status'!$H:$H,Z$3,'Shipment status'!$K:$K,'Flat knit'!$C11) | AA11: =SUMIFS('Shipment status'!$L:$L,'Shipment status'!$A:$A,'Flat knit'!$B11,'Shipment status'!$H:$H,AA$3,'Shipment status'!$K:$K,'Flat knit'!$C11) | ... AK11: =SUMIFS('Shipment status'!$L:$L,'Shipment status'!$A:$A,'Flat knit'!$B11,'Shipment status'!$H:$H,AK$3,'Shipment status'!$K:$K,'Flat knit'!$C11)
A12: Signature Navy | B12: 26 | C12: 2XL | D12: 2 | E12: 2 | F12: 789 | G12: 4.46 | I12: =MAX(SUMIFS('Shipment status'!$L:$L,'Shipment status'!$A:$A,TRIM(CLEAN(SUBSTITUTE(VLOOKUP($B12&I$3,'PPO-GO'!$A:$AA,12,0)," ",""))),'Shipment status'!$H:$H,I$3,'Shipment status'!$K:$K,'Flat knit'!$C12),SUMIFS('Shipment status'!$L:$L,'Shipment status'!$A:$A,'Flat knit'!$B12,'Shipment status'!$H:$H,I$3,'Shipment status'!$K:$K,'Flat knit'!$C12)) | J12: =IFERROR(I12/$F12,"-") | L12: =MAX(SUMIFS('Shipment status'!$L:$L,'Shipment status'!$A:$A,TRIM(CLEAN(SUBSTITUTE(VLOOKUP($B12&L$3,'PPO-GO'!$A:$AA,12,0)," ",""))),'Shipment status'!$H:$H,L$3,'Shipment status'!$K:$K,'Flat knit'!$C12),SUMIFS('Shipment status'!$L:$L,'Shipment status'!$A:$A,'Flat knit'!$B12,'Shipment status'!$H:$H,L$3,'Shipment status'!$K:$K,'Flat knit'!$C12)) | M12: =IFERROR(IF(L12>I12*1.5,0.5,1)*L12/$F12,"-") | O12: =MAX(SUMIFS('Shipment status'!$L:$L,'Shipment status'!$A:$A,TRIM(CLEAN(SUBSTITUTE(VLOOKUP($B12,'PPO-GO'!$D:$L,9,0)," ",""))),'Shipment status'!$H:$H,O$3,'Shipment status'!$K:$K,'Flat knit'!$C12),SUMIFS('Shipment status'!$L:$L,'Shipment status'!$A:$A,'Flat knit'!$B12,'Shipment status'!$H:$H,O$3,'Shipment status'!$K:$K,'Flat knit'!$C12)) | P12: =IFERROR(O12/$F12,"-") | R12: =MAX(SUMIFS('Shipment status'!$L:$L,'Shipment status'!$A:$A,TRIM(CLEAN(SUBSTITUTE(VLOOKUP($B12,'PPO-GO'!$D:$L,9,0)," ",""))),'Shipment status'!$H:$H,R$3,'Shipment status'!$K:$K,'Flat knit'!$C12),SUMIFS('Shipment status'!$L:$L,'Shipment status'!$A:$A,'Flat knit'!$B12,'Shipment status'!$H:$H,R$3,'Shipment status'!$K:$K,'Flat knit'!$C12)) | S12: =IFERROR(R12/$F12,"-") | T12: =SUMIFS('Shipment status'!$L:$L,'Shipment status'!$A:$A,'Flat knit'!$B12,'Shipment status'!$H:$H,T$3,'Shipment status'!$K:$K,'Flat knit'!$C12) | U12: =SUMIFS('Shipment status'!$L:$L,'Shipment status'!$A:$A,'Flat knit'!$B12,'Shipment status'!$H:$H,U$3,'Shipment status'!$K:$K,'Flat knit'!$C12) | V12: =SUMIFS('Shipment status'!$L:$L,'Shipment status'!$A:$A,'Flat knit'!$B12,'Shipment status'!$H:$H,V$3,'Shipment status'!$K:$K,'Flat knit'!$C12) | W12: =SUMIFS('Shipment status'!$L:$L,'Shipment status'!$A:$A,'Flat knit'!$B12,'Shipment status'!$H:$H,W$3,'Shipment status'!$K:$K,'Flat knit'!$C12) | X12: =SUMIFS('Shipment status'!$L:$L,'Shipment status'!$A:$A,'Flat knit'!$B12,'Shipment status'!$H:$H,X$3,'Shipment status'!$K:$K,'Flat knit'!$C12) | Y12: =SUMIFS('Shipment status'!$L:$L,'Shipment status'!$A:$A,'Flat knit'!$B12,'Shipment status'!$H:$H,Y$3,'Shipment status'!$K:$K,'Flat knit'!$C12) | Z12: =SUMIFS('Shipment status'!$L:$L,'Shipment status'!$A:$A,'Flat knit'!$B12,'Shipment status'!$H:$H,Z$3,'Shipment status'!$K:$K,'Flat knit'!$C12) | AA12: =SUMIFS('Shipment status'!$L:$L,'Shipment status'!$A:$A,'Flat knit'!$B12,'Shipment status'!$H:$H,AA$3,'Shipment status'!$K:$K,'Flat knit'!$C12) | ... AK12: =SUMIFS('Shipment status'!$L:$L,'Shipment status'!$A:$A,'Flat knit'!$B12,'Shipment status'!$H:$H,AK$3,'Shipment status'!$K:$K,'Flat knit'!$C12)
A13: Signature White | B13: 1 | C13: XL | D13: 2 | E13: 2 | F13: 2736 | G13: 14.72 | I13: =MAX(SUMIFS('Shipment status'!$L:$L,'Shipment status'!$A:$A,TRIM(CLEAN(SUBSTITUTE(VLOOKUP($B13&I$3,'PPO-GO'!$A:$AA,12,0)," ",""))),'Shipment status'!$H:$H,I$3,'Shipment status'!$K:$K,'Flat knit'!$C13),SUMIFS('Shipment status'!$L:$L,'Shipment status'!$A:$A,'Flat knit'!$B13,'Shipment status'!$H:$H,I$3,'Shipment status'!$K:$K,'Flat knit'!$C13)) | J13: =IFERROR(I13/$F13,"-") | L13: =MAX(SUMIFS('Shipment status'!$L:$L,'Shipment status'!$A:$A,TRIM(CLEAN(SUBSTITUTE(VLOOKUP($B13&L$3,'PPO-GO'!$A:$AA,12,0)," ",""))),'Shipment status'!$H:$H,L$3,'Shipment status'!$K:$K,'Flat knit'!$C13),SUMIFS('Shipment status'!$L:$L,'Shipment status'!$A:$A,'Flat knit'!$B13,'Shipment status'!$H:$H,L$3,'Shipment status'!$K:$K,'Flat knit'!$C13)) | M13: =IFERROR(IF(L13>I13*1.5,0.5,1)*L13/$F13,"-") | O13: =MAX(SUMIFS('Shipment status'!$L:$L,'Shipment status'!$A:$A,TRIM(CLEAN(SUBSTITUTE(VLOOKUP($B13,'PPO-GO'!$D:$L,9,0)," ",""))),'Shipment status'!$H:$H,O$3,'Shipment status'!$K:$K,'Flat knit'!$C13),SUMIFS('Shipment status'!$L:$L,'Shipment status'!$A:$A,'Flat knit'!$B13,'Shipment status'!$H:$H,O$3,'Shipment status'!$K:$K,'Flat knit'!$C13)) | P13: =IFERROR(O13/$F13,"-") | R13: =MAX(SUMIFS('Shipment status'!$L:$L,'Shipment status'!$A:$A,TRIM(CLEAN(SUBSTITUTE(VLOOKUP($B13,'PPO-GO'!$D:$L,9,0)," ",""))),'Shipment status'!$H:$H,R$3,'Shipment status'!$K:$K,'Flat knit'!$C13),SUMIFS('Shipment status'!$L:$L,'Shipment status'!$A:$A,'Flat knit'!$B13,'Shipment status'!$H:$H,R$3,'Shipment status'!$K:$K,'Flat knit'!$C13)) | S13: =IFERROR(R13/$F13,"-") | T13: =SUMIFS('Shipment status'!$L:$L,'Shipment status'!$A:$A,'Flat knit'!$B13,'Shipment status'!$H:$H,T$3,'Shipment status'!$K:$K,'Flat knit'!$C13) | U13: =SUMIFS('Shipment status'!$L:$L,'Shipment status'!$A:$A,'Flat knit'!$B13,'Shipment status'!$H:$H,U$3,'Shipment status'!$K:$K,'Flat knit'!$C13) | V13: =SUMIFS('Shipment status'!$L:$L,'Shipment status'!$A:$A,'Flat knit'!$B13,'Shipment status'!$H:$H,V$3,'Shipment status'!$K:$K,'Flat knit'!$C13) | W13: =SUMIFS('Shipment status'!$L:$L,'Shipment status'!$A:$A,'Flat knit'!$B13,'Shipment status'!$H:$H,W$3,'Shipment status'!$K:$K,'Flat knit'!$C13) | X13: =SUMIFS('Shipment status'!$L:$L,'Shipment status'!$A:$A,'Flat knit'!$B13,'Shipment status'!$H:$H,X$3,'Shipment status'!$K:$K,'Flat knit'!$C13) | Y13: =SUMIFS('Shipment status'!$L:$L,'Shipment status'!$A:$A,'Flat knit'!$B13,'Shipment status'!$H:$H,Y$3,'Shipment status'!$K:$K,'Flat knit'!$C13) | Z13: =SUMIFS('Shipment status'!$L:$L,'Shipment status'!$A:$A,'Flat knit'!$B13,'Shipment status'!$H:$H,Z$3,'Shipment status'!$K:$K,'Flat knit'!$C13) | AA13: =SUMIFS('Shipment status'!$L:$L,'Shipment status'!$A:$A,'Flat knit'!$B13,'Shipment status'!$H:$H,AA$3,'Shipment status'!$K:$K,'Flat knit'!$C13) | ... AK13: =SUMIFS('Shipment status'!$L:$L,'Shipment status'!$A:$A,'Flat knit'!$B13,'Shipment status'!$H:$H,AK$3,'Shipment status'!$K:$K,'Flat knit'!$C13)
A14: Signature White | B14: 1 | C14: S | D14: 2 | E14: 2 | F14: 2171 | G14: 5.22 | I14: =MAX(SUMIFS('Shipment status'!$L:$L,'Shipment status'!$A:$A,TRIM(CLEAN(SUBSTITUTE(VLOOKUP($B14&I$3,'PPO-GO'!$A:$AA,12,0)," ",""))),'Shipment status'!$H:$H,I$3,'Shipment status'!$K:$K,'Flat knit'!$C14),SUMIFS('Shipment status'!$L:$L,'Shipment status'!$A:$A,'Flat knit'!$B14,'Shipment status'!$H:$H,I$3,'Shipment status'!$K:$K,'Flat knit'!$C14)) | J14: =IFERROR(I14/$F14,"-") | L14: =MAX(SUMIFS('Shipment status'!$L:$L,'Shipment status'!$A:$A,TRIM(CLEAN(SUBSTITUTE(VLOOKUP($B14&L$3,'PPO-GO'!$A:$AA,12,0)," ",""))),'Shipment status'!$H:$H,L$3,'Shipment status'!$K:$K,'Flat knit'!$C14),SUMIFS('Shipment status'!$L:$L,'Shipment status'!$A:$A,'Flat knit'!$B14,'Shipment status'!$H:$H,L$3,'Shipment status'!$K:$K,'Flat knit'!$C14)) | M14: =IFERROR(IF(L14>I14*1.5,0.5,1)*L14/$F14,"-") | O14: =MAX(SUMIFS('Shipment status'!$L:$L,'Shipment status'!$A:$A,TRIM(CLEAN(SUBSTITUTE(VLOOKUP($B14,'PPO-GO'!$D:$L,9,0)," ",""))),'Shipment status'!$H:$H,O$3,'Shipment status'!$K:$K,'Flat knit'!$C14),SUMIFS('Shipment status'!$L:$L,'Shipment status'!$A:$A,'Flat knit'!$B14,'Shipment status'!$H:$H,O$3,'Shipment status'!$K:$K,'Flat knit'!$C14)) | P14: =IFERROR(O14/$F14,"-") | R14: =MAX(SUMIFS('Shipment status'!$L:$L,'Shipment status'!$A:$A,TRIM(CLEAN(SUBSTITUTE(VLOOKUP($B14,'PPO-GO'!$D:$L,9,0)," ",""))),'Shipment status'!$H:$H,R$3,'Shipment status'!$K:$K,'Flat knit'!$C14),SUMIFS('Shipment status'!$L:$L,'Shipment status'!$A:$A,'Flat knit'!$B14,'Shipment status'!$H:$H,R$3,'Shipment status'!$K:$K,'Flat knit'!$C14)) | S14: =IFERROR(R14/$F14,"-") | T14: =SUMIFS('Shipment status'!$L:$L,'Shipment status'!$A:$A,'Flat knit'!$B14,'Shipment status'!$H:$H,T$3,'Shipment status'!$K:$K,'Flat knit'!$C14) | U14: =SUMIFS('Shipment status'!$L:$L,'Shipment status'!$A:$A,'Flat knit'!$B14,'Shipment status'!$H:$H,U$3,'Shipment status'!$K:$K,'Flat knit'!$C14) | V14: =SUMIFS('Shipment status'!$L:$L,'Shipment status'!$A:$A,'Flat knit'!$B14,'Shipment status'!$H:$H,V$3,'Shipment status'!$K:$K,'Flat knit'!$C14) | W14: =SUMIFS('Shipment status'!$L:$L,'Shipment status'!$A:$A,'Flat knit'!$B14,'Shipment status'!$H:$H,W$3,'Shipment status'!$K:$K,'Flat knit'!$C14) | X14: =SUMIFS('Shipment status'!$L:$L,'Shipment status'!$A:$A,'Flat knit'!$B14,'Shipment status'!$H:$H,X$3,'Shipment status'!$K:$K,'Flat knit'!$C14) | Y14: =SUMIFS('Shipment status'!$L:$L,'Shipment status'!$A:$A,'Flat knit'!$B14,'Shipment status'!$H:$H,Y$3,'Shipment status'!$K:$K,'Flat knit'!$C14) | Z14: =SUMIFS('Shipment status'!$L:$L,'Shipment status'!$A:$A,'Flat knit'!$B14,'Shipment status'!$H:$H,Z$3,'Shipment status'!$K:$K,'Flat knit'!$C14) | AA14: =SUMIFS('Shipment status'!$L:$L,'Shipment status'!$A:$A,'Flat knit'!$B14,'Shipment status'!$H:$H,AA$3,'Shipment status'!$K:$K,'Flat knit'!$C14) | ... AK14: =SUMIFS('Shipment status'!$L:$L,'Shipment status'!$A:$A,'Flat knit'!$B14,'Shipment status'!$H:$H,AK$3,'Shipment status'!$K:$K,'Flat knit'!$C14)
A15: Signature White | B15: 1 | C15: M | D15: 2 | E15: 2 | F15: 3732 | G15: 18.32 | I15: =MAX(SUMIFS('Shipment status'!$L:$L,'Shipment status'!$A:$A,TRIM(CLEAN(SUBSTITUTE(VLOOKUP($B15&I$3,'PPO-GO'!$A:$AA,12,0)," ",""))),'Shipment status'!$H:$H,I$3,'Shipment status'!$K:$K,'Flat knit'!$C15),SUMIFS('Shipment status'!$L:$L,'Shipment status'!$A:$A,'Flat knit'!$B15,'Shipment status'!$H:$H,I$3,'Shipment status'!$K:$K,'Flat knit'!$C15)) | J15: =IFERROR(I15/$F15,"-") | L15: =MAX(SUMIFS('Shipment status'!$L:$L,'Shipment status'!$A:$A,TRIM(CLEAN(SUBSTITUTE(VLOOKUP($B15&L$3,'PPO-GO'!$A:$AA,12,0)," ",""))),'Shipment status'!$H:$H,L$3,'Shipment status'!$K:$K,'Flat knit'!$C15),SUMIFS('Shipment status'!$L:$L,'Shipment status'!$A:$A,'Flat knit'!$B15,'Shipment status'!$H:$H,L$3,'Shipment status'!$K:$K,'Flat knit'!$C15)) | M15: =IFERROR(IF(L15>I15*1.5,0.5,1)*L15/$F15,"-") | O15: =MAX(SUMIFS('Shipment status'!$L:$L,'Shipment status'!$A:$A,TRIM(CLEAN(SUBSTITUTE(VLOOKUP($B15,'PPO-GO'!$D:$L,9,0)," ",""))),'Shipment status'!$H:$H,O$3,'Shipment status'!$K:$K,'Flat knit'!$C15),SUMIFS('Shipment status'!$L:$L,'Shipment status'!$A:$A,'Flat knit'!$B15,'Shipment status'!$H:$H,O$3,'Shipment status'!$K:$K,'Flat knit'!$C15)) | P15: =IFERROR(O15/$F15,"-") | R15: =MAX(SUMIFS('Shipment status'!$L:$L,'Shipment status'!$A:$A,TRIM(CLEAN(SUBSTITUTE(VLOOKUP($B15,'PPO-GO'!$D:$L,9,0)," ",""))),'Shipment status'!$H:$H,R$3,'Shipment status'!$K:$K,'Flat knit'!$C15),SUMIFS('Shipment status'!$L:$L,'Shipment status'!$A:$A,'Flat knit'!$B15,'Shipment status'!$H:$H,R$3,'Shipment status'!$K:$K,'Flat knit'!$C15)) | S15: =IFERROR(R15/$F15,"-") | T15: =SUMIFS('Shipment status'!$L:$L,'Shipment status'!$A:$A,'Flat knit'!$B15,'Shipment status'!$H:$H,T$3,'Shipment status'!$K:$K,'Flat knit'!$C15) | U15: =SUMIFS('Shipment status'!$L:$L,'Shipment status'!$A:$A,'Flat knit'!$B15,'Shipment status'!$H:$H,U$3,'Shipment status'!$K:$K,'Flat knit'!$C15) | V15: =SUMIFS('Shipment status'!$L:$L,'Shipment status'!$A:$A,'Flat knit'!$B15,'Shipment status'!$H:$H,V$3,'Shipment status'!$K:$K,'Flat knit'!$C15) | W15: =SUMIFS('Shipment status'!$L:$L,'Shipment status'!$A:$A,'Flat knit'!$B15,'Shipment status'!$H:$H,W$3,'Shipment status'!$K:$K,'Flat knit'!$C15) | X15: =SUMIFS('Shipment status'!$L:$L,'Shipment status'!$A:$A,'Flat knit'!$B15,'Shipment status'!$H:$H,X$3,'Shipment status'!$K:$K,'Flat knit'!$C15) | Y15: =SUMIFS('Shipment status'!$L:$L,'Shipment status'!$A:$A,'Flat knit'!$B15,'Shipment status'!$H:$H,Y$3,'Shipment status'!$K:$K,'Flat knit'!$C15) | Z15: =SUMIFS('Shipment status'!$L:$L,'Shipment status'!$A:$A,'Flat knit'!$B15,'Shipment status'!$H:$H,Z$3,'Shipment status'!$K:$K,'Flat knit'!$C15) | AA15: =SUMIFS('Shipment status'!$L:$L,'Shipment status'!$A:$A,'Flat knit'!$B15,'Shipment status'!$H:$H,AA$3,'Shipment status'!$K:$K,'Flat knit'!$C15) | ... AK15: =SUMIFS('Shipment status'!$L:$L,'Shipment status'!$A:$A,'Flat knit'!$B15,'Shipment status'!$H:$H,AK$3,'Shipment status'!$K:$K,'Flat knit'!$C15)
A16: Signature White | B16: 1 | C16: L | D16: 2 | E16: 2 | F16: 4178 | G16: 22.54 | I16: =MAX(SUMIFS('Shipment status'!$L:$L,'Shipment status'!$A:$A,TRIM(CLEAN(SUBSTITUTE(VLOOKUP($B16&I$3,'PPO-GO'!$A:$AA,12,0)," ",""))),'Shipment status'!$H:$H,I$3,'Shipment status'!$K:$K,'Flat knit'!$C16),SUMIFS('Shipment status'!$L:$L,'Shipment status'!$A:$A,'Flat knit'!$B16,'Shipment status'!$H:$H,I$3,'Shipment status'!$K:$K,'Flat knit'!$C16)) | J16: =IFERROR(I16/$F16,"-") | K16: =IFERROR(J16/$F16,"-") | L16: =MAX(SUMIFS('Shipment status'!$L:$L,'Shipment status'!$A:$A,TRIM(CLEAN(SUBSTITUTE(VLOOKUP($B16&L$3,'PPO-GO'!$A:$AA,12,0)," ",""))),'Shipment status'!$H:$H,L$3,'Shipment status'!$K:$K,'Flat knit'!$C16),SUMIFS('Shipment status'!$L:$L,'Shipment status'!$A:$A,'Flat knit'!$B16,'Shipment status'!$H:$H,L$3,'Shipment status'!$K:$K,'Flat knit'!$C16)) | M16: =IFERROR(IF(L16>I16*1.5,0.5,1)*L16/$F16,"-") | O16: =MAX(SUMIFS('Shipment status'!$L:$L,'Shipment status'!$A:$A,TRIM(CLEAN(SUBSTITUTE(VLOOKUP($B16,'PPO-GO'!$D:$L,9,0)," ",""))),'Shipment status'!$H:$H,O$3,'Shipment status'!$K:$K,'Flat knit'!$C16),SUMIFS('Shipment status'!$L:$L,'Shipment status'!$A:$A,'Flat knit'!$B16,'Shipment status'!$H:$H,O$3,'Shipment status'!$K:$K,'Flat knit'!$C16)) | P16: =IFERROR(O16/$F16,"-") | R16: =MAX(SUMIFS('Shipment status'!$L:$L,'Shipment status'!$A:$A,TRIM(CLEAN(SUBSTITUTE(VLOOKUP($B16,'PPO-GO'!$D:$L,9,0)," ",""))),'Shipment status'!$H:$H,R$3,'Shipment status'!$K:$K,'Flat knit'!$C16),SUMIFS('Shipment status'!$L:$L,'Shipment status'!$A:$A,'Flat knit'!$B16,'Shipment status'!$H:$H,R$3,'Shipment status'!$K:$K,'Flat knit'!$C16)) | S16: =IFERROR(R16/$F16,"-") | T16: =SUMIFS('Shipment status'!$L:$L,'Shipment status'!$A:$A,'Flat knit'!$B16,'Shipment status'!$H:$H,T$3,'Shipment status'!$K:$K,'Flat knit'!$C16) | U16: =SUMIFS('Shipment status'!$L:$L,'Shipment status'!$A:$A,'Flat knit'!$B16,'Shipment status'!$H:$H,U$3,'Shipment status'!$K:$K,'Flat knit'!$C16) | V16: =SUMIFS('Shipment status'!$L:$L,'Shipment status'!$A:$A,'Flat knit'!$B16,'Shipment status'!$H:$H,V$3,'Shipment status'!$K:$K,'Flat knit'!$C16) | W16: =SUMIFS('Shipment status'!$L:$L,'Shipment status'!$A:$A,'Flat knit'!$B16,'Shipment status'!$H:$H,W$3,'Shipment status'!$K:$K,'Flat knit'!$C16) | X16: =SUMIFS('Shipment status'!$L:$L,'Shipment status'!$A:$A,'Flat knit'!$B16,'Shipment status'!$H:$H,X$3,'Shipment status'!$K:$K,'Flat knit'!$C16) | Y16: =SUMIFS('Shipment status'!$L:$L,'Shipment status'!$A:$A,'Flat knit'!$B16,'Shipment status'!$H:$H,Y$3,'Shipment status'!$K:$K,'Flat knit'!$C16) | Z16: =SUMIFS('Shipment status'!$L:$L,'Shipment status'!$A:$A,'Flat knit'!$B16,'Shipment status'!$H:$H,Z$3,'Shipment status'!$K:$K,'Flat knit'!$C16) | AA16: =SUMIFS('Shipment status'!$L:$L,'Shipment status'!$A:$A,'Flat knit'!$B16,'Shipment status'!$H:$H,AA$3,'Shipment status'!$K:$K,'Flat knit'!$C16) | ... AK16: =SUMIFS('Shipment status'!$L:$L,'Shipment status'!$A:$A,'Flat knit'!$B16,'Shipment status'!$H:$H,AK$3,'Shipment status'!$K:$K,'Flat knit'!$C16)
A17: Signature White | B17: 1 | C17: TTL | D17: 2 | E17: 2 | F17: 7370 | I17: =MAX(SUMIFS('Shipment status'!$L:$L,'Shipment status'!$A:$A,TRIM(CLEAN(SUBSTITUTE(VLOOKUP($B17&I$3,'PPO-GO'!$A:$AA,12,0)," ",""))),'Shipment status'!$H:$H,I$3,'Shipment status'!$K:$K,'Flat knit'!$C17),SUMIFS('Shipment status'!$L:$L,'Shipment status'!$A:$A,'Flat knit'!$B17,'Shipment status'!$H:$H,I$3,'Shipment status'!$K:$K,'Flat knit'!$C17)) | J17: =IFERROR(I17/$F17,"-") | K17: =IFERROR(J17/$F17,"-") | L17: =MAX(SUMIFS('Shipment status'!$L:$L,'Shipment status'!$A:$A,TRIM(CLEAN(SUBSTITUTE(VLOOKUP($B17&L$3,'PPO-GO'!$A:$AA,12,0)," ",""))),'Shipment status'!$H:$H,L$3,'Shipment status'!$K:$K,'Flat knit'!$C17),SUMIFS('Shipment status'!$L:$L,'Shipment status'!$A:$A,'Flat knit'!$B17,'Shipment status'!$H:$H,L$3,'Shipment status'!$K:$K,'Flat knit'!$C17)) | M17: =IFERROR(IF(L17>I17*1.5,0.5,1)*L17/$F17,"-") | O17: =MAX(SUMIFS('Shipment status'!$L:$L,'Shipment status'!$A:$A,TRIM(CLEAN(SUBSTITUTE(VLOOKUP($B17,'PPO-GO'!$D:$L,9,0)," ",""))),'Shipment status'!$H:$H,O$3,'Shipment status'!$K:$K,'Flat knit'!$C17),SUMIFS('Shipment status'!$L:$L,'Shipment status'!$A:$A,'Flat knit'!$B17,'Shipment status'!$H:$H,O$3,'Shipment status'!$K:$K,'Flat knit'!$C17)) | P17: =IFERROR(O17/$F17,"-") | R17: =MAX(SUMIFS('Shipment status'!$L:$L,'Shipment status'!$A:$A,TRIM(CLEAN(SUBSTITUTE(VLOOKUP($B17,'PPO-GO'!$D:$L,9,0)," ",""))),'Shipment status'!$H:$H,R$3,'Shipment status'!$K:$K,'Flat knit'!$C17),SUMIFS('Shipment status'!$L:$L,'Shipment status'!$A:$A,'Flat knit'!$B17,'Shipment status'!$H:$H,R$3,'Shipment status'!$K:$K,'Flat knit'!$C17)) | S17: =IFERROR(R17/$F17,"-") | T17: =SUMIFS('Shipment status'!$L:$L,'Shipment status'!$A:$A,'Flat knit'!$B17,'Shipment status'!$H:$H,T$3,'Shipment status'!$K:$K,'Flat knit'!$C17) | U17: =SUMIFS('Shipment status'!$L:$L,'Shipment status'!$A:$A,'Flat knit'!$B17,'Shipment status'!$H:$H,U$3,'Shipment status'!$K:$K,'Flat knit'!$C17) | V17: =SUMIFS('Shipment status'!$L:$L,'Shipment status'!$A:$A,'Flat knit'!$B17,'Shipment status'!$H:$H,V$3,'Shipment status'!$K:$K,'Flat knit'!$C17) | W17: =SUMIFS('Shipment status'!$L:$L,'Shipment status'!$A:$A,'Flat knit'!$B17,'Shipment status'!$H:$H,W$3,'Shipment status'!$K:$K,'Flat knit'!$C17) | X17: =SUMIFS('Shipment status'!$L:$L,'Shipment status'!$A:$A,'Flat knit'!$B17,'Shipment status'!$H:$H,X$3,'Shipment status'!$K:$K,'Flat knit'!$C17) | Y17: =SUMIFS('Shipment status'!$L:$L,'Shipment status'!$A:$A,'Flat knit'!$B17,'Shipment status'!$H:$H,Y$3,'Shipment status'!$K:$K,'Flat knit'!$C17) | Z17: =SUMIFS('Shipment status'!$L:$L,'Shipment status'!$A:$A,'Flat knit'!$B17,'Shipment status'!$H:$H,Z$3,'Shipment status'!$K:$K,'Flat knit'!$C17) | AA17: =SUMIFS('Shipment status'!$L:$L,'Shipment status'!$A:$A,'Flat knit'!$B17,'Shipment status'!$H:$H,AA$3,'Shipment status'!$K:$K,'Flat knit'!$C17) | ... AK17: =SUMIFS('Shipment status'!$L:$L,'Shipment status'!$A:$A,'Flat knit'!$B17,'Shipment status'!$H:$H,AK$3,'Shipment status'!$K:$K,'Flat knit'!$C17)
A18: Signature White | B18: 1 | C18: XXXL | D18: 2 | E18: 2 | F18: 402 | G18: 5.06 | I18: =MAX(SUMIFS('Shipment status'!$L:$L,'Shipment status'!$A:$A,TRIM(CLEAN(SUBSTITUTE(VLOOKUP($B18&I$3,'PPO-GO'!$A:$AA,12,0)," ",""))),'Shipment status'!$H:$H,I$3,'Shipment status'!$K:$K,'Flat knit'!$C18),SUMIFS('Shipment status'!$L:$L,'Shipment status'!$A:$A,'Flat knit'!$B18,'Shipment status'!$H:$H,I$3,'Shipment status'!$K:$K,'Flat knit'!$C18)) | J18: =IFERROR(I18/$F18,"-") | L18: =MAX(SUMIFS('Shipment status'!$L:$L,'Shipment status'!$A:$A,TRIM(CLEAN(SUBSTITUTE(VLOOKUP($B18&L$3,'PPO-GO'!$A:$AA,12,0)," ",""))),'Shipment status'!$H:$H,L$3,'Shipment status'!$K:$K,'Flat knit'!$C18),SUMIFS('Shipment status'!$L:$L,'Shipment status'!$A:$A,'Flat knit'!$B18,'Shipment status'!$H:$H,L$3,'Shipment status'!$K:$K,'Flat knit'!$C18)) | M18: =IFERROR(IF(L18>I18*1.5,0.5,1)*L18/$F18,"-") | O18: =MAX(SUMIFS('Shipment status'!$L:$L,'Shipment status'!$A:$A,TRIM(CLEAN(SUBSTITUTE(VLOOKUP($B18,'PPO-GO'!$D:$L,9,0)," ",""))),'Shipment status'!$H:$H,O$3,'Shipment status'!$K:$K,'Flat knit'!$C18),SUMIFS('Shipment status'!$L:$L,'Shipment status'!$A:$A,'Flat knit'!$B18,'Shipment status'!$H:$H,O$3,'Shipment status'!$K:$K,'Flat knit'!$C18)) | P18: =IFERROR(O18/$F18,"-") | R18: =MAX(SUMIFS('Shipment status'!$L:$L,'Shipment status'!$A:$A,TRIM(CLEAN(SUBSTITUTE(VLOOKUP($B18,'PPO-GO'!$D:$L,9,0)," ",""))),'Shipment status'!$H:$H,R$3,'Shipment status'!$K:$K,'Flat knit'!$C18),SUMIFS('Shipment status'!$L:$L,'Shipment status'!$A:$A,'Flat knit'!$B18,'Shipment status'!$H:$H,R$3,'Shipment status'!$K:$K,'Flat knit'!$C18)) | S18: =IFERROR(R18/$F18,"-") | T18: =SUMIFS('Shipment status'!$L:$L,'Shipment status'!$A:$A,'Flat knit'!$B18,'Shipment status'!$H:$H,T$3,'Shipment status'!$K:$K,'Flat knit'!$C18) | U18: =SUMIFS('Shipment status'!$L:$L,'Shipment status'!$A:$A,'Flat knit'!$B18,'Shipment status'!$H:$H,U$3,'Shipment status'!$K:$K,'Flat knit'!$C18) | V18: =SUMIFS('Shipment status'!$L:$L,'Shipment status'!$A:$A,'Flat knit'!$B18,'Shipment status'!$H:$H,V$3,'Shipment status'!$K:$K,'Flat knit'!$C18) | W18: =SUMIFS('Shipment status'!$L:$L,'Shipment status'!$A:$A,'Flat knit'!$B18,'Shipment status'!$H:$H,W$3,'Shipment status'!$K:$K,'Flat knit'!$C18) | X18: =SUMIFS('Shipment status'!$L:$L,'Shipment status'!$A:$A,'Flat knit'!$B18,'Shipment status'!$H:$H,X$3,'Shipment status'!$K:$K,'Flat knit'!$C18) | Y18: =SUMIFS('Shipment status'!$L:$L,'Shipment status'!$A:$A,'Flat knit'!$B18,'Shipment status'!$H:$H,Y$3,'Shipment status'!$K:$K,'Flat knit'!$C18) | Z18: =SUMIFS('Shipment status'!$L:$L,'Shipment status'!$A:$A,'Flat knit'!$B18,'Shipment status'!$H:$H,Z$3,'Shipment status'!$K:$K,'Flat knit'!$C18) | AA18: =SUMIFS('Shipment status'!$L:$L,'Shipment status'!$A:$A,'Flat knit'!$B18,'Shipment status'!$H:$H,AA$3,'Shipment status'!$K:$K,'Flat knit'!$C18) | ... AK18: =SUMIFS('Shipment status'!$L:$L,'Shipment status'!$A:$A,'Flat knit'!$B18,'Shipment status'!$H:$H,AK$3,'Shipment status'!$K:$K,'Flat knit'!$C18)
A19: Signature White | B19: 1 | C19: 2XL | D19: 2 | E19: 2 | F19: 1763 | G19: 8.5 | I19: =MAX(SUMIFS('Shipment status'!$L:$L,'Shipment status'!$A:$A,TRIM(CLEAN(SUBSTITUTE(VLOOKUP($B19&I$3,'PPO-GO'!$A:$AA,12,0)," ",""))),'Shipment status'!$H:$H,I$3,'Shipment status'!$K:$K,'Flat knit'!$C19),SUMIFS('Shipment status'!$L:$L,'Shipment status'!$A:$A,'Flat knit'!$B19,'Shipment status'!$H:$H,I$3,'Shipment status'!$K:$K,'Flat knit'!$C19)) | J19: =IFERROR(I19/$F19,"-") | L19: =MAX(SUMIFS('Shipment status'!$L:$L,'Shipment status'!$A:$A,TRIM(CLEAN(SUBSTITUTE(VLOOKUP($B19&L$3,'PPO-GO'!$A:$AA,12,0)," ",""))),'Shipment status'!$H:$H,L$3,'Shipment status'!$K:$K,'Flat knit'!$C19),SUMIFS('Shipment status'!$L:$L,'Shipment status'!$A:$A,'Flat knit'!$B19,'Shipment status'!$H:$H,L$3,'Shipment status'!$K:$K,'Flat knit'!$C19)) | M19: =IFERROR(IF(L19>I19*1.5,0.5,1)*L19/$F19,"-") | O19: =MAX(SUMIFS('Shipment status'!$L:$L,'Shipment status'!$A:$A,TRIM(CLEAN(SUBSTITUTE(VLOOKUP($B19,'PPO-GO'!$D:$L,9,0)," ",""))),'Shipment status'!$H:$H,O$3,'Shipment status'!$K:$K,'Flat knit'!$C19),SUMIFS('Shipment status'!$L:$L,'Shipment status'!$A:$A,'Flat knit'!$B19,'Shipment status'!$H:$H,O$3,'Shipment status'!$K:$K,'Flat knit'!$C19)) | P19: =IFERROR(O19/$F19,"-") | R19: =MAX(SUMIFS('Shipment status'!$L:$L,'Shipment status'!$A:$A,TRIM(CLEAN(SUBSTITUTE(VLOOKUP($B19,'PPO-GO'!$D:$L,9,0)," ",""))),'Shipment status'!$H:$H,R$3,'Shipment status'!$K:$K,'Flat knit'!$C19),SUMIFS('Shipment status'!$L:$L,'Shipment status'!$A:$A,'Flat knit'!$B19,'Shipment status'!$H:$H,R$3,'Shipment status'!$K:$K,'Flat knit'!$C19)) | S19: =IFERROR(R19/$F19,"-") | T19: =SUMIFS('Shipment status'!$L:$L,'Shipment status'!$A:$A,'Flat knit'!$B19,'Shipment status'!$H:$H,T$3,'Shipment status'!$K:$K,'Flat knit'!$C19) | U19: =SUMIFS('Shipment status'!$L:$L,'Shipment status'!$A:$A,'Flat knit'!$B19,'Shipment status'!$H:$H,U$3,'Shipment status'!$K:$K,'Flat knit'!$C19) | V19: =SUMIFS('Shipment status'!$L:$L,'Shipment status'!$A:$A,'Flat knit'!$B19,'Shipment status'!$H:$H,V$3,'Shipment status'!$K:$K,'Flat knit'!$C19) | W19: =SUMIFS('Shipment status'!$L:$L,'Shipment status'!$A:$A,'Flat knit'!$B19,'Shipment status'!$H:$H,W$3,'Shipment status'!$K:$K,'Flat knit'!$C19) | X19: =SUMIFS('Shipment status'!$L:$L,'Shipment status'!$A:$A,'Flat knit'!$B19,'Shipment status'!$H:$H,X$3,'Shipment status'!$K:$K,'Flat knit'!$C19) | Y19: =SUMIFS('Shipment status'!$L:$L,'Shipment status'!$A:$A,'Flat knit'!$B19,'Shipment status'!$H:$H,Y$3,'Shipment status'!$K:$K,'Flat knit'!$C19) | Z19: =SUMIFS('Shipment status'!$L:$L,'Shipment status'!$A:$A,'Flat knit'!$B19,'Shipment status'!$H:$H,Z$3,'Shipment status'!$K:$K,'Flat knit'!$C19) | AA19: =SUMIFS('Shipment status'!$L:$L,'Shipment status'!$A:$A,'Flat knit'!$B19,'Shipment status'!$H:$H,AA$3,'Shipment status'!$K:$K,'Flat knit'!$C19) | ... AK19: =SUMIFS('Shipment status'!$L:$L,'Shipment status'!$A:$A,'Flat knit'!$B19,'Shipment status'!$H:$H,AK$3,'Shipment status'!$K:$K,'Flat knit'!$C19)
A20: Signature Black | B20: 9 | C20: XL | D20: 2 | E20: 2 | F20: 2506 | G20: 13.02 | I20: =MAX(SUMIFS('Shipment status'!$L:$L,'Shipment status'!$A:$A,TRIM(CLEAN(SUBSTITUTE(VLOOKUP($B20&I$3,'PPO-GO'!$A:$AA,12,0)," ",""))),'Shipment status'!$H:$H,I$3,'Shipment status'!$K:$K,'Flat knit'!$C20),SUMIFS('Shipment status'!$L:$L,'Shipment status'!$A:$A,'Flat knit'!$B20,'Shipment status'!$H:$H,I$3,'Shipment status'!$K:$K,'Flat knit'!$C20)) | J20: =IFERROR(I20/$F20,"-") | L20: =MAX(SUMIFS('Shipment status'!$L:$L,'Shipment status'!$A:$A,TRIM(CLEAN(SUBSTITUTE(VLOOKUP($B20&L$3,'PPO-GO'!$A:$AA,12,0)," ",""))),'Shipment status'!$H:$H,L$3,'Shipment status'!$K:$K,'Flat knit'!$C20),SUMIFS('Shipment status'!$L:$L,'Shipment status'!$A:$A,'Flat knit'!$B20,'Shipment status'!$H:$H,L$3,'Shipment status'!$K:$K,'Flat knit'!$C20)) | M20: =IFERROR(IF(L20>I20*1.5,0.5,1)*L20/$F20,"-") | O20: =MAX(SUMIFS('Shipment status'!$L:$L,'Shipment status'!$A:$A,TRIM(CLEAN(SUBSTITUTE(VLOOKUP($B20,'PPO-GO'!$D:$L,9,0)," ",""))),'Shipment status'!$H:$H,O$3,'Shipment status'!$K:$K,'Flat knit'!$C20),SUMIFS('Shipment status'!$L:$L,'Shipment status'!$A:$A,'Flat knit'!$B20,'Shipment status'!$H:$H,O$3,'Shipment status'!$K:$K,'Flat knit'!$C20)) | P20: =IFERROR(O20/$F20,"-") | R20: =MAX(SUMIFS('Shipment status'!$L:$L,'Shipment status'!$A:$A,TRIM(CLEAN(SUBSTITUTE(VLOOKUP($B20,'PPO-GO'!$D:$L,9,0)," ",""))),'Shipment status'!$H:$H,R$3,'Shipment status'!$K:$K,'Flat knit'!$C20),SUMIFS('Shipment status'!$L:$L,'Shipment status'!$A:$A,'Flat knit'!$B20,'Shipment status'!$H:$H,R$3,'Shipment status'!$K:$K,'Flat knit'!$C20)) | S20: =IFERROR(R20/$F20,"-") | T20: =SUMIFS('Shipment status'!$L:$L,'Shipment status'!$A:$A,'Flat knit'!$B20,'Shipment status'!$H:$H,T$3,'Shipment status'!$K:$K,'Flat knit'!$C20) | U20: =SUMIFS('Shipment status'!$L:$L,'Shipment status'!$A:$A,'Flat knit'!$B20,'Shipment status'!$H:$H,U$3,'Shipment status'!$K:$K,'Flat knit'!$C20) | V20: =SUMIFS('Shipment status'!$L:$L,'Shipment status'!$A:$A,'Flat knit'!$B20,'Shipment status'!$H:$H,V$3,'Shipment status'!$K:$K,'Flat knit'!$C20) | W20: =SUMIFS('Shipment status'!$L:$L,'Shipment status'!$A:$A,'Flat knit'!$B20,'Shipment status'!$H:$H,W$3,'Shipment status'!$K:$K,'Flat knit'!$C20) | X20: =SUMIFS('Shipment status'!$L:$L,'Shipment status'!$A:$A,'Flat knit'!$B20,'Shipment status'!$H:$H,X$3,'Shipment status'!$K:$K,'Flat knit'!$C20) | Y20: =SUMIFS('Shipment status'!$L:$L,'Shipment status'!$A:$A,'Flat knit'!$B20,'Shipment status'!$H:$H,Y$3,'Shipment status'!$K:$K,'Flat knit'!$C20) | Z20: =SUMIFS('Shipment status'!$L:$L,'Shipment status'!$A:$A,'Flat knit'!$B20,'Shipment status'!$H:$H,Z$3,'Shipment status'!$K:$K,'Flat knit'!$C20) | AA20: =SUMIFS('Shipment status'!$L:$L,'Shipment status'!$A:$A,'Flat knit'!$B20,'Shipment status'!$H:$H,AA$3,'Shipment status'!$K:$K,'Flat knit'!$C20) | ... AK20: =SUMIFS('Shipment status'!$L:$L,'Shipment status'!$A:$A,'Flat knit'!$B20,'Shipment status'!$H:$H,AK$3,'Shipment status'!$K:$K,'Flat knit'!$C20)
A21: Signature Black | B21: 9 | C21: S | D21: 2 | E21: 2 | F21: 1372 | G21: 3.38 | I21: =MAX(SUMIFS('Shipment status'!$L:$L,'Shipment status'!$A:$A,TRIM(CLEAN(SUBSTITUTE(VLOOKUP($B21&I$3,'PPO-GO'!$A:$AA,12,0)," ",""))),'Shipment status'!$H:$H,I$3,'Shipment status'!$K:$K,'Flat knit'!$C21),SUMIFS('Shipment status'!$L:$L,'Shipment status'!$A:$A,'Flat knit'!$B21,'Shipment status'!$H:$H,I$3,'Shipment status'!$K:$K,'Flat knit'!$C21)) | J21: =IFERROR(I21/$F21,"-") | L21: =MAX(SUMIFS('Shipment status'!$L:$L,'Shipment status'!$A:$A,TRIM(CLEAN(SUBSTITUTE(VLOOKUP($B21&L$3,'PPO-GO'!$A:$AA,12,0)," ",""))),'Shipment status'!$H:$H,L$3,'Shipment status'!$K:$K,'Flat knit'!$C21),SUMIFS('Shipment status'!$L:$L,'Shipment status'!$A:$A,'Flat knit'!$B21,'Shipment status'!$H:$H,L$3,'Shipment status'!$K:$K,'Flat knit'!$C21)) | M21: =IFERROR(IF(L21>I21*1.5,0.5,1)*L21/$F21,"-") | O21: =MAX(SUMIFS('Shipment status'!$L:$L,'Shipment status'!$A:$A,TRIM(CLEAN(SUBSTITUTE(VLOOKUP($B21,'PPO-GO'!$D:$L,9,0)," ",""))),'Shipment status'!$H:$H,O$3,'Shipment status'!$K:$K,'Flat knit'!$C21),SUMIFS('Shipment status'!$L:$L,'Shipment status'!$A:$A,'Flat knit'!$B21,'Shipment status'!$H:$H,O$3,'Shipment status'!$K:$K,'Flat knit'!$C21)) | P21: =IFERROR(O21/$F21,"-") | R21: =MAX(SUMIFS('Shipment status'!$L:$L,'Shipment status'!$A:$A,TRIM(CLEAN(SUBSTITUTE(VLOOKUP($B21,'PPO-GO'!$D:$L,9,0)," ",""))),'Shipment status'!$H:$H,R$3,'Shipment status'!$K:$K,'Flat knit'!$C21),SUMIFS('Shipment status'!$L:$L,'Shipment status'!$A:$A,'Flat knit'!$B21,'Shipment status'!$H:$H,R$3,'Shipment status'!$K:$K,'Flat knit'!$C21)) | S21: =IFERROR(R21/$F21,"-") | T21: =SUMIFS('Shipment status'!$L:$L,'Shipment status'!$A:$A,'Flat knit'!$B21,'Shipment status'!$H:$H,T$3,'Shipment status'!$K:$K,'Flat knit'!$C21) | U21: =SUMIFS('Shipment status'!$L:$L,'Shipment status'!$A:$A,'Flat knit'!$B21,'Shipment status'!$H:$H,U$3,'Shipment status'!$K:$K,'Flat knit'!$C21) | V21: =SUMIFS('Shipment status'!$L:$L,'Shipment status'!$A:$A,'Flat knit'!$B21,'Shipment status'!$H:$H,V$3,'Shipment status'!$K:$K,'Flat knit'!$C21) | W21: =SUMIFS('Shipment status'!$L:$L,'Shipment status'!$A:$A,'Flat knit'!$B21,'Shipment status'!$H:$H,W$3,'Shipment status'!$K:$K,'Flat knit'!$C21) | X21: =SUMIFS('Shipment status'!$L:$L,'Shipment status'!$A:$A,'Flat knit'!$B21,'Shipment status'!$H:$H,X$3,'Shipment status'!$K:$K,'Flat knit'!$C21) | Y21: =SUMIFS('Shipment status'!$L:$L,'Shipment status'!$A:$A,'Flat knit'!$B21,'Shipment status'!$H:$H,Y$3,'Shipment status'!$K:$K,'Flat knit'!$C21) | Z21: =SUMIFS('Shipment status'!$L:$L,'Shipment status'!$A:$A,'Flat knit'!$B21,'Shipment status'!$H:$H,Z$3,'Shipment status'!$K:$K,'Flat knit'!$C21) | AA21: =SUMIFS('Shipment status'!$L:$L,'Shipment status'!$A:$A,'Flat knit'!$B21,'Shipment status'!$H:$H,AA$3,'Shipment status'!$K:$K,'Flat knit'!$C21) | ... AK21: =SUMIFS('Shipment status'!$L:$L,'Shipment status'!$A:$A,'Flat knit'!$B21,'Shipment status'!$H:$H,AK$3,'Shipment status'!$K:$K,'Flat knit'!$C21)
A22: Signature Black | B22: 9 | C22: M | D22: 2 | E22: 2 | F22: 2622 | G22: 12.24 | I22: =MAX(SUMIFS('Shipment status'!$L:$L,'Shipment status'!$A:$A,TRIM(CLEAN(SUBSTITUTE(VLOOKUP($B22&I$3,'PPO-GO'!$A:$AA,12,0)," ",""))),'Shipment status'!$H:$H,I$3,'Shipment status'!$K:$K,'Flat knit'!$C22),SUMIFS('Shipment status'!$L:$L,'Shipment status'!$A:$A,'Flat knit'!$B22,'Shipment status'!$H:$H,I$3,'Shipment status'!$K:$K,'Flat knit'!$C22)) | J22: =IFERROR(I22/$F22,"-") | L22: =MAX(SUMIFS('Shipment status'!$L:$L,'Shipment status'!$A:$A,TRIM(CLEAN(SUBSTITUTE(VLOOKUP($B22&L$3,'PPO-GO'!$A:$AA,12,0)," ",""))),'Shipment status'!$H:$H,L$3,'Shipment status'!$K:$K,'Flat knit'!$C22),SUMIFS('Shipment status'!$L:$L,'Shipment status'!$A:$A,'Flat knit'!$B22,'Shipment status'!$H:$H,L$3,'Shipment status'!$K:$K,'Flat knit'!$C22)) | M22: =IFERROR(IF(L22>I22*1.5,0.5,1)*L22/$F22,"-") | O22: =MAX(SUMIFS('Shipment status'!$L:$L,'Shipment status'!$A:$A,TRIM(CLEAN(SUBSTITUTE(VLOOKUP($B22,'PPO-GO'!$D:$L,9,0)," ",""))),'Shipment status'!$H:$H,O$3,'Shipment status'!$K:$K,'Flat knit'!$C22),SUMIFS('Shipment status'!$L:$L,'Shipment status'!$A:$A,'Flat knit'!$B22,'Shipment status'!$H:$H,O$3,'Shipment status'!$K:$K,'Flat knit'!$C22)) | P22: =IFERROR(O22/$F22,"-") | R22: =MAX(SUMIFS('Shipment status'!$L:$L,'Shipment status'!$A:$A,TRIM(CLEAN(SUBSTITUTE(VLOOKUP($B22,'PPO-GO'!$D:$L,9,0)," ",""))),'Shipment status'!$H:$H,R$3,'Shipment status'!$K:$K,'Flat knit'!$C22),SUMIFS('Shipment status'!$L:$L,'Shipment status'!$A:$A,'Flat knit'!$B22,'Shipment status'!$H:$H,R$3,'Shipment status'!$K:$K,'Flat knit'!$C22)) | S22: =IFERROR(R22/$F22,"-") | T22: =SUMIFS('Shipment status'!$L:$L,'Shipment status'!$A:$A,'Flat knit'!$B22,'Shipment status'!$H:$H,T$3,'Shipment status'!$K:$K,'Flat knit'!$C22) | U22: =SUMIFS('Shipment status'!$L:$L,'Shipment status'!$A:$A,'Flat knit'!$B22,'Shipment status'!$H:$H,U$3,'Shipment status'!$K:$K,'Flat knit'!$C22) | V22: =SUMIFS('Shipment status'!$L:$L,'Shipment status'!$A:$A,'Flat knit'!$B22,'Shipment status'!$H:$H,V$3,'Shipment status'!$K:$K,'Flat knit'!$C22) | W22: =SUMIFS('Shipment status'!$L:$L,'Shipment status'!$A:$A,'Flat knit'!$B22,'Shipment status'!$H:$H,W$3,'Shipment status'!$K:$K,'Flat knit'!$C22) | X22: =SUMIFS('Shipment status'!$L:$L,'Shipment status'!$A:$A,'Flat knit'!$B22,'Shipment status'!$H:$H,X$3,'Shipment status'!$K:$K,'Flat knit'!$C22) | Y22: =SUMIFS('Shipment status'!$L:$L,'Shipment status'!$A:$A,'Flat knit'!$B22,'Shipment status'!$H:$H,Y$3,'Shipment status'!$K:$K,'Flat knit'!$C22) | Z22: =SUMIFS('Shipment status'!$L:$L,'Shipment status'!$A:$A,'Flat knit'!$B22,'Shipment status'!$H:$H,Z$3,'Shipment status'!$K:$K,'Flat knit'!$C22) | AA22: =SUMIFS('Shipment status'!$L:$L,'Shipment status'!$A:$A,'Flat knit'!$B22,'Shipment status'!$H:$H,AA$3,'Shipment status'!$K:$K,'Flat knit'!$C22) | ... AK22: =SUMIFS('Shipment status'!$L:$L,'Shipment status'!$A:$A,'Flat knit'!$B22,'Shipment status'!$H:$H,AK$3,'Shipment status'!$K:$K,'Flat knit'!$C22)
A23: Signature Black | B23: 9 | C23: L | D23: 2 | E23: 2 | F23: 3205 | G23: 16.1 | I23: =MAX(SUMIFS('Shipment status'!$L:$L,'Shipment status'!$A:$A,TRIM(CLEAN(SUBSTITUTE(VLOOKUP($B23&I$3,'PPO-GO'!$A:$AA,12,0)," ",""))),'Shipment status'!$H:$H,I$3,'Shipment status'!$K:$K,'Flat knit'!$C23),SUMIFS('Shipment status'!$L:$L,'Shipment status'!$A:$A,'Flat knit'!$B23,'Shipment status'!$H:$H,I$3,'Shipment status'!$K:$K,'Flat knit'!$C23)) | J23: =IFERROR(I23/$F23,"-") | L23: =MAX(SUMIFS('Shipment status'!$L:$L,'Shipment status'!$A:$A,TRIM(CLEAN(SUBSTITUTE(VLOOKUP($B23&L$3,'PPO-GO'!$A:$AA,12,0)," ",""))),'Shipment status'!$H:$H,L$3,'Shipment status'!$K:$K,'Flat knit'!$C23),SUMIFS('Shipment status'!$L:$L,'Shipment status'!$A:$A,'Flat knit'!$B23,'Shipment status'!$H:$H,L$3,'Shipment status'!$K:$K,'Flat knit'!$C23)) | M23: =IFERROR(IF(L23>I23*1.5,0.5,1)*L23/$F23,"-") | O23: =MAX(SUMIFS('Shipment status'!$L:$L,'Shipment status'!$A:$A,TRIM(CLEAN(SUBSTITUTE(VLOOKUP($B23,'PPO-GO'!$D:$L,9,0)," ",""))),'Shipment status'!$H:$H,O$3,'Shipment status'!$K:$K,'Flat knit'!$C23),SUMIFS('Shipment status'!$L:$L,'Shipment status'!$A:$A,'Flat knit'!$B23,'Shipment status'!$H:$H,O$3,'Shipment status'!$K:$K,'Flat knit'!$C23)) | P23: =IFERROR(O23/$F23,"-") | R23: =MAX(SUMIFS('Shipment status'!$L:$L,'Shipment status'!$A:$A,TRIM(CLEAN(SUBSTITUTE(VLOOKUP($B23,'PPO-GO'!$D:$L,9,0)," ",""))),'Shipment status'!$H:$H,R$3,'Shipment status'!$K:$K,'Flat knit'!$C23),SUMIFS('Shipment status'!$L:$L,'Shipment status'!$A:$A,'Flat knit'!$B23,'Shipment status'!$H:$H,R$3,'Shipment status'!$K:$K,'Flat knit'!$C23)) | S23: =IFERROR(R23/$F23,"-") | T23: =SUMIFS('Shipment status'!$L:$L,'Shipment status'!$A:$A,'Flat knit'!$B23,'Shipment status'!$H:$H,T$3,'Shipment status'!$K:$K,'Flat knit'!$C23) | U23: =SUMIFS('Shipment status'!$L:$L,'Shipment status'!$A:$A,'Flat knit'!$B23,'Shipment status'!$H:$H,U$3,'Shipment status'!$K:$K,'Flat knit'!$C23) | V23: =SUMIFS('Shipment status'!$L:$L,'Shipment status'!$A:$A,'Flat knit'!$B23,'Shipment status'!$H:$H,V$3,'Shipment status'!$K:$K,'Flat knit'!$C23) | W23: =SUMIFS('Shipment status'!$L:$L,'Shipment status'!$A:$A,'Flat knit'!$B23,'Shipment status'!$H:$H,W$3,'Shipment status'!$K:$K,'Flat knit'!$C23) | X23: =SUMIFS('Shipment status'!$L:$L,'Shipment status'!$A:$A,'Flat knit'!$B23,'Shipment status'!$H:$H,X$3,'Shipment status'!$K:$K,'Flat knit'!$C23) | Y23: =SUMIFS('Shipment status'!$L:$L,'Shipment status'!$A:$A,'Flat knit'!$B23,'Shipment status'!$H:$H,Y$3,'Shipment status'!$K:$K,'Flat knit'!$C23) | Z23: =SUMIFS('Shipment status'!$L:$L,'Shipment status'!$A:$A,'Flat knit'!$B23,'Shipment status'!$H:$H,Z$3,'Shipment status'!$K:$K,'Flat knit'!$C23) | AA23: =SUMIFS('Shipment status'!$L:$L,'Shipment status'!$A:$A,'Flat knit'!$B23,'Shipment status'!$H:$H,AA$3,'Shipment status'!$K:$K,'Flat knit'!$C23) | ... AK23: =SUMIFS('Shipment status'!$L:$L,'Shipment status'!$A:$A,'Flat knit'!$B23,'Shipment status'!$H:$H,AK$3,'Shipment status'!$K:$K,'Flat knit'!$C23)
A24: Signature Black | B24: 9 | C24: TTL | D24: 2 | E24: 2 | F24: 8440 | I24: =MAX(SUMIFS('Shipment status'!$L:$L,'Shipment status'!$A:$A,TRIM(CLEAN(SUBSTITUTE(VLOOKUP($B24&I$3,'PPO-GO'!$A:$AA,12,0)," ",""))),'Shipment status'!$H:$H,I$3,'Shipment status'!$K:$K,'Flat knit'!$C24),SUMIFS('Shipment status'!$L:$L,'Shipment status'!$A:$A,'Flat knit'!$B24,'Shipment status'!$H:$H,I$3,'Shipment status'!$K:$K,'Flat knit'!$C24)) | J24: =IFERROR(I24/$F24,"-") | L24: =MAX(SUMIFS('Shipment status'!$L:$L,'Shipment status'!$A:$A,TRIM(CLEAN(SUBSTITUTE(VLOOKUP($B24&L$3,'PPO-GO'!$A:$AA,12,0)," ",""))),'Shipment status'!$H:$H,L$3,'Shipment status'!$K:$K,'Flat knit'!$C24),SUMIFS('Shipment status'!$L:$L,'Shipment status'!$A:$A,'Flat knit'!$B24,'Shipment status'!$H:$H,L$3,'Shipment status'!$K:$K,'Flat knit'!$C24)) | M24: =IFERROR(IF(L24>I24*1.5,0.5,1)*L24/$F24,"-") | O24: =MAX(SUMIFS('Shipment status'!$L:$L,'Shipment status'!$A:$A,TRIM(CLEAN(SUBSTITUTE(VLOOKUP($B24,'PPO-GO'!$D:$L,9,0)," ",""))),'Shipment status'!$H:$H,O$3,'Shipment status'!$K:$K,'Flat knit'!$C24),SUMIFS('Shipment status'!$L:$L,'Shipment status'!$A:$A,'Flat knit'!$B24,'Shipment status'!$H:$H,O$3,'Shipment status'!$K:$K,'Flat knit'!$C24)) | P24: =IFERROR(O24/$F24,"-") | R24: =MAX(SUMIFS('Shipment status'!$L:$L,'Shipment status'!$A:$A,TRIM(CLEAN(SUBSTITUTE(VLOOKUP($B24,'PPO-GO'!$D:$L,9,0)," ",""))),'Shipment status'!$H:$H,R$3,'Shipment status'!$K:$K,'Flat knit'!$C24),SUMIFS('Shipment status'!$L:$L,'Shipment status'!$A:$A,'Flat knit'!$B24,'Shipment status'!$H:$H,R$3,'Shipment status'!$K:$K,'Flat knit'!$C24)) | S24: =IFERROR(R24/$F24,"-") | T24: =SUMIFS('Shipment status'!$L:$L,'Shipment status'!$A:$A,'Flat knit'!$B24,'Shipment status'!$H:$H,T$3,'Shipment status'!$K:$K,'Flat knit'!$C24) | U24: =SUMIFS('Shipment status'!$L:$L,'Shipment status'!$A:$A,'Flat knit'!$B24,'Shipment status'!$H:$H,U$3,'Shipment status'!$K:$K,'Flat knit'!$C24) | V24: =SUMIFS('Shipment status'!$L:$L,'Shipment status'!$A:$A,'Flat knit'!$B24,'Shipment status'!$H:$H,V$3,'Shipment status'!$K:$K,'Flat knit'!$C24) | W24: =SUMIFS('Shipment status'!$L:$L,'Shipment status'!$A:$A,'Flat knit'!$B24,'Shipment status'!$H:$H,W$3,'Shipment status'!$K:$K,'Flat knit'!$C24) | X24: =SUMIFS('Shipment status'!$L:$L,'Shipment status'!$A:$A,'Flat knit'!$B24,'Shipment status'!$H:$H,X$3,'Shipment status'!$K:$K,'Flat knit'!$C24) | Y24: =SUMIFS('Shipment status'!$L:$L,'Shipment status'!$A:$A,'Flat knit'!$B24,'Shipment status'!$H:$H,Y$3,'Shipment status'!$K:$K,'Flat knit'!$C24) | Z24: =SUMIFS('Shipment status'!$L:$L,'Shipment status'!$A:$A,'Flat knit'!$B24,'Shipment status'!$H:$H,Z$3,'Shipment status'!$K:$K,'Flat knit'!$C24) | AA24: =SUMIFS('Shipment status'!$L:$L,'Shipment status'!$A:$A,'Flat knit'!$B24,'Shipment status'!$H:$H,AA$3,'Shipment status'!$K:$K,'Flat knit'!$C24) | ... AK24: =SUMIFS('Shipment status'!$L:$L,'Shipment status'!$A:$A,'Flat knit'!$B24,'Shipment status'!$H:$H,AK$3,'Shipment status'!$K:$K,'Flat knit'!$C24)
A25: Signature Black | B25: 9 | C25: XXXL | D25: 2 | E25: 2 | F25: 405 | G25: 5.06 | I25: =MAX(SUMIFS('Shipment status'!$L:$L,'Shipment status'!$A:$A,TRIM(CLEAN(SUBSTITUTE(VLOOKUP($B25&I$3,'PPO-GO'!$A:$AA,12,0)," ",""))),'Shipment status'!$H:$H,I$3,'Shipment status'!$K:$K,'Flat knit'!$C25),SUMIFS('Shipment status'!$L:$L,'Shipment status'!$A:$A,'Flat knit'!$B25,'Shipment status'!$H:$H,I$3,'Shipment status'!$K:$K,'Flat knit'!$C25)) | J25: =IFERROR(I25/$F25,"-") | L25: =MAX(SUMIFS('Shipment status'!$L:$L,'Shipment status'!$A:$A,TRIM(CLEAN(SUBSTITUTE(VLOOKUP($B25&L$3,'PPO-GO'!$A:$AA,12,0)," ",""))),'Shipment status'!$H:$H,L$3,'Shipment status'!$K:$K,'Flat knit'!$C25),SUMIFS('Shipment status'!$L:$L,'Shipment status'!$A:$A,'Flat knit'!$B25,'Shipment status'!$H:$H,L$3,'Shipment status'!$K:$K,'Flat knit'!$C25)) | M25: =IFERROR(IF(L25>I25*1.5,0.5,1)*L25/$F25,"-") | O25: =MAX(SUMIFS('Shipment status'!$L:$L,'Shipment status'!$A:$A,TRIM(CLEAN(SUBSTITUTE(VLOOKUP($B25,'PPO-GO'!$D:$L,9,0)," ",""))),'Shipment status'!$H:$H,O$3,'Shipment status'!$K:$K,'Flat knit'!$C25),SUMIFS('Shipment status'!$L:$L,'Shipment status'!$A:$A,'Flat knit'!$B25,'Shipment status'!$H:$H,O$3,'Shipment status'!$K:$K,'Flat knit'!$C25)) | P25: =IFERROR(O25/$F25,"-") | R25: =MAX(SUMIFS('Shipment status'!$L:$L,'Shipment status'!$A:$A,TRIM(CLEAN(SUBSTITUTE(VLOOKUP($B25,'PPO-GO'!$D:$L,9,0)," ",""))),'Shipment status'!$H:$H,R$3,'Shipment status'!$K:$K,'Flat knit'!$C25),SUMIFS('Shipment status'!$L:$L,'Shipment status'!$A:$A,'Flat knit'!$B25,'Shipment status'!$H:$H,R$3,'Shipment status'!$K:$K,'Flat knit'!$C25)) | S25: =IFERROR(R25/$F25,"-") | T25: =SUMIFS('Shipment status'!$L:$L,'Shipment status'!$A:$A,'Flat knit'!$B25,'Shipment status'!$H:$H,T$3,'Shipment status'!$K:$K,'Flat knit'!$C25) | U25: =SUMIFS('Shipment status'!$L:$L,'Shipment status'!$A:$A,'Flat knit'!$B25,'Shipment status'!$H:$H,U$3,'Shipment status'!$K:$K,'Flat knit'!$C25) | V25: =SUMIFS('Shipment status'!$L:$L,'Shipment status'!$A:$A,'Flat knit'!$B25,'Shipment status'!$H:$H,V$3,'Shipment status'!$K:$K,'Flat knit'!$C25) | W25: =SUMIFS('Shipment status'!$L:$L,'Shipment status'!$A:$A,'Flat knit'!$B25,'Shipment status'!$H:$H,W$3,'Shipment status'!$K:$K,'Flat knit'!$C25) | X25: =SUMIFS('Shipment status'!$L:$L,'Shipment status'!$A:$A,'Flat knit'!$B25,'Shipment status'!$H:$H,X$3,'Shipment status'!$K:$K,'Flat knit'!$C25) | Y25: =SUMIFS('Shipment status'!$L:$L,'Shipment status'!$A:$A,'Flat knit'!$B25,'Shipment status'!$H:$H,Y$3,'Shipment status'!$K:$K,'Flat knit'!$C25) | Z25: =SUMIFS('Shipment status'!$L:$L,'Shipment status'!$A:$A,'Flat knit'!$B25,'Shipment status'!$H:$H,Z$3,'Shipment status'!$K:$K,'Flat knit'!$C25) | AA25: =SUMIFS('Shipment status'!$L:$L,'Shipment status'!$A:$A,'Flat knit'!$B25,'Shipment status'!$H:$H,AA$3,'Shipment status'!$K:$K,'Flat knit'!$C25) | ... AK25: =SUMIFS('Shipment status'!$L:$L,'Shipment status'!$A:$A,'Flat knit'!$B25,'Shipment status'!$H:$H,AK$3,'Shipment status'!$K:$K,'Flat knit'!$C25)
A26: Signature Black | B26: 9 | C26: 2XL | D26: 2 | E26: 2 | F26: 1636 | G26: 7.46 | I26: =MAX(SUMIFS('Shipment status'!$L:$L,'Shipment status'!$A:$A,TRIM(CLEAN(SUBSTITUTE(VLOOKUP($B26&I$3,'PPO-GO'!$A:$AA,12,0)," ",""))),'Shipment status'!$H:$H,I$3,'Shipment status'!$K:$K,'Flat knit'!$C26),SUMIFS('Shipment status'!$L:$L,'Shipment status'!$A:$A,'Flat knit'!$B26,'Shipment status'!$H:$H,I$3,'Shipment status'!$K:$K,'Flat knit'!$C26)) | J26: =IFERROR(I26/$F26,"-") | L26: =MAX(SUMIFS('Shipment status'!$L:$L,'Shipment status'!$A:$A,TRIM(CLEAN(SUBSTITUTE(VLOOKUP($B26&L$3,'PPO-GO'!$A:$AA,12,0)," ",""))),'Shipment status'!$H:$H,L$3,'Shipment status'!$K:$K,'Flat knit'!$C26),SUMIFS('Shipment status'!$L:$L,'Shipment status'!$A:$A,'Flat knit'!$B26,'Shipment status'!$H:$H,L$3,'Shipment status'!$K:$K,'Flat knit'!$C26)) | M26: =IFERROR(IF(L26>I26*1.5,0.5,1)*L26/$F26,"-") | O26: =MAX(SUMIFS('Shipment status'!$L:$L,'Shipment status'!$A:$A,TRIM(CLEAN(SUBSTITUTE(VLOOKUP($B26,'PPO-GO'!$D:$L,9,0)," ",""))),'Shipment status'!$H:$H,O$3,'Shipment status'!$K:$K,'Flat knit'!$C26),SUMIFS('Shipment status'!$L:$L,'Shipment status'!$A:$A,'Flat knit'!$B26,'Shipment status'!$H:$H,O$3,'Shipment status'!$K:$K,'Flat knit'!$C26)) | P26: =IFERROR(O26/$F26,"-") | R26: =MAX(SUMIFS('Shipment status'!$L:$L,'Shipment status'!$A:$A,TRIM(CLEAN(SUBSTITUTE(VLOOKUP($B26,'PPO-GO'!$D:$L,9,0)," ",""))),'Shipment status'!$H:$H,R$3,'Shipment status'!$K:$K,'Flat knit'!$C26),SUMIFS('Shipment status'!$L:$L,'Shipment status'!$A:$A,'Flat knit'!$B26,'Shipment status'!$H:$H,R$3,'Shipment status'!$K:$K,'Flat knit'!$C26)) | S26: =IFERROR(R26/$F26,"-") | T26: =SUMIFS('Shipment status'!$L:$L,'Shipment status'!$A:$A,'Flat knit'!$B26,'Shipment status'!$H:$H,T$3,'Shipment status'!$K:$K,'Flat knit'!$C26) | U26: =SUMIFS('Shipment status'!$L:$L,'Shipment status'!$A:$A,'Flat knit'!$B26,'Shipment status'!$H:$H,U$3,'Shipment status'!$K:$K,'Flat knit'!$C26) | V26: =SUMIFS('Shipment status'!$L:$L,'Shipment status'!$A:$A,'Flat knit'!$B26,'Shipment status'!$H:$H,V$3,'Shipment status'!$K:$K,'Flat knit'!$C26) | W26: =SUMIFS('Shipment status'!$L:$L,'Shipment status'!$A:$A,'Flat knit'!$B26,'Shipment status'!$H:$H,W$3,'Shipment status'!$K:$K,'Flat knit'!$C26) | X26: =SUMIFS('Shipment status'!$L:$L,'Shipment status'!$A:$A,'Flat knit'!$B26,'Shipment status'!$H:$H,X$3,'Shipment status'!$K:$K,'Flat knit'!$C26) | Y26: =SUMIFS('Shipment status'!$L:$L,'Shipment status'!$A:$A,'Flat knit'!$B26,'Shipment status'!$H:$H,Y$3,'Shipment status'!$K:$K,'Flat knit'!$C26) | Z26: =SUMIFS('Shipment status'!$L:$L,'Shipment status'!$A:$A,'Flat knit'!$B26,'Shipment status'!$H:$H,Z$3,'Shipment status'!$K:$K,'Flat knit'!$C26) | AA26: =SUMIFS('Shipment status'!$L:$L,'Shipment status'!$A:$A,'Flat knit'!$B26,'Shipment status'!$H:$H,AA$3,'Shipment status'!$K:$K,'Flat knit'!$C26) | ... AK26: =SUMIFS('Shipment status'!$L:$L,'Shipment status'!$A:$A,'Flat knit'!$B26,'Shipment status'!$H:$H,AK$3,'Shipment status'!$K:$K,'Flat knit'!$C26)
A27: Signature Black | B27: 9 | C27: XS | D27: 2 | E27: 2 | F27: 60 | I27: =MAX(SUMIFS('Shipment status'!$L:$L,'Shipment status'!$A:$A,TRIM(CLEAN(SUBSTITUTE(VLOOKUP($B27&I$3,'PPO-GO'!$A:$AA,12,0)," ",""))),'Shipment status'!$H:$H,I$3,'Shipment status'!$K:$K,'Flat knit'!$C27),SUMIFS('Shipment status'!$L:$L,'Shipment status'!$A:$A,'Flat knit'!$B27,'Shipment status'!$H:$H,I$3,'Shipment status'!$K:$K,'Flat knit'!$C27)) | J27: =IFERROR(I27/$F27,"-") | L27: =MAX(SUMIFS('Shipment status'!$L:$L,'Shipment status'!$A:$A,TRIM(CLEAN(SUBSTITUTE(VLOOKUP($B27&L$3,'PPO-GO'!$A:$AA,12,0)," ",""))),'Shipment status'!$H:$H,L$3,'Shipment status'!$K:$K,'Flat knit'!$C27),SUMIFS('Shipment status'!$L:$L,'Shipment status'!$A:$A,'Flat knit'!$B27,'Shipment status'!$H:$H,L$3,'Shipment status'!$K:$K,'Flat knit'!$C27)) | M27: =IFERROR(IF(L27>I27*1.5,0.5,1)*L27/$F27,"-") | O27: =MAX(SUMIFS('Shipment status'!$L:$L,'Shipment status'!$A:$A,TRIM(CLEAN(SUBSTITUTE(VLOOKUP($B27,'PPO-GO'!$D:$L,9,0)," ",""))),'Shipment status'!$H:$H,O$3,'Shipment status'!$K:$K,'Flat knit'!$C27),SUMIFS('Shipment status'!$L:$L,'Shipment status'!$A:$A,'Flat knit'!$B27,'Shipment status'!$H:$H,O$3,'Shipment status'!$K:$K,'Flat knit'!$C27)) | P27: =IFERROR(O27/$F27,"-") | R27: =MAX(SUMIFS('Shipment status'!$L:$L,'Shipment status'!$A:$A,TRIM(CLEAN(SUBSTITUTE(VLOOKUP($B27,'PPO-GO'!$D:$L,9,0)," ",""))),'Shipment status'!$H:$H,R$3,'Shipment status'!$K:$K,'Flat knit'!$C27),SUMIFS('Shipment status'!$L:$L,'Shipment status'!$A:$A,'Flat knit'!$B27,'Shipment status'!$H:$H,R$3,'Shipment status'!$K:$K,'Flat knit'!$C27)) | S27: =IFERROR(R27/$F27,"-") | T27: =SUMIFS('Shipment status'!$L:$L,'Shipment status'!$A:$A,'Flat knit'!$B27,'Shipment status'!$H:$H,T$3,'Shipment status'!$K:$K,'Flat knit'!$C27) | U27: =SUMIFS('Shipment status'!$L:$L,'Shipment status'!$A:$A,'Flat knit'!$B27,'Shipment status'!$H:$H,U$3,'Shipment status'!$K:$K,'Flat knit'!$C27) | V27: =SUMIFS('Shipment status'!$L:$L,'Shipment status'!$A:$A,'Flat knit'!$B27,'Shipment status'!$H:$H,V$3,'Shipment status'!$K:$K,'Flat knit'!$C27) | W27: =SUMIFS('Shipment status'!$L:$L,'Shipment status'!$A:$A,'Flat knit'!$B27,'Shipment status'!$H:$H,W$3,'Shipment status'!$K:$K,'Flat knit'!$C27) | X27: =SUMIFS('Shipment status'!$L:$L,'Shipment status'!$A:$A,'Flat knit'!$B27,'Shipment status'!$H:$H,X$3,'Shipment status'!$K:$K,'Flat knit'!$C27) | Y27: =SUMIFS('Shipment status'!$L:$L,'Shipment status'!$A:$A,'Flat knit'!$B27,'Shipment status'!$H:$H,Y$3,'Shipment status'!$K:$K,'Flat knit'!$C27) | Z27: =SUMIFS('Shipment status'!$L:$L,'Shipment status'!$A:$A,'Flat knit'!$B27,'Shipment status'!$H:$H,Z$3,'Shipment status'!$K:$K,'Flat knit'!$C27) | AA27: =SUMIFS('Shipment status'!$L:$L,'Shipment status'!$A:$A,'Flat knit'!$B27,'Shipment status'!$H:$H,AA$3,'Shipment status'!$K:$K,'Flat knit'!$C27) | ... AK27: =SUMIFS('Shipment status'!$L:$L,'Shipment status'!$A:$A,'Flat knit'!$B27,'Shipment status'!$H:$H,AK$3,'Shipment status'!$K:$K,'Flat knit'!$C27)
A28: Haute Red | B28: 39 | C28: XL | D28: 2 | E28: 2 | F28: 1209 | G28: 0.04 | I28: =MAX(SUMIFS('Shipment status'!$L:$L,'Shipment status'!$A:$A,TRIM(CLEAN(SUBSTITUTE(VLOOKUP($B28&I$3,'PPO-GO'!$A:$AA,12,0)," ",""))),'Shipment status'!$H:$H,I$3,'Shipment status'!$K:$K,'Flat knit'!$C28),SUMIFS('Shipment status'!$L:$L,'Shipment status'!$A:$A,'Flat knit'!$B28,'Shipment status'!$H:$H,I$3,'Shipment status'!$K:$K,'Flat knit'!$C28)) | J28: =IFERROR(I28/$F28,"-") | L28: =MAX(SUMIFS('Shipment status'!$L:$L,'Shipment status'!$A:$A,TRIM(CLEAN(SUBSTITUTE(VLOOKUP($B28&L$3,'PPO-GO'!$A:$AA,12,0)," ",""))),'Shipment status'!$H:$H,L$3,'Shipment status'!$K:$K,'Flat knit'!$C28),SUMIFS('Shipment status'!$L:$L,'Shipment status'!$A:$A,'Flat knit'!$B28,'Shipment status'!$H:$H,L$3,'Shipment status'!$K:$K,'Flat knit'!$C28)) | M28: =IFERROR(IF(L28>I28*1.5,0.5,1)*L28/$F28,"-") | O28: =MAX(SUMIFS('Shipment status'!$L:$L,'Shipment status'!$A:$A,TRIM(CLEAN(SUBSTITUTE(VLOOKUP($B28,'PPO-GO'!$D:$L,9,0)," ",""))),'Shipment status'!$H:$H,O$3,'Shipment status'!$K:$K,'Flat knit'!$C28),SUMIFS('Shipment status'!$L:$L,'Shipment status'!$A:$A,'Flat knit'!$B28,'Shipment status'!$H:$H,O$3,'Shipment status'!$K:$K,'Flat knit'!$C28)) | P28: =IFERROR(O28/$F28,"-") | R28: =MAX(SUMIFS('Shipment status'!$L:$L,'Shipment status'!$A:$A,TRIM(CLEAN(SUBSTITUTE(VLOOKUP($B28,'PPO-GO'!$D:$L,9,0)," ",""))),'Shipment status'!$H:$H,R$3,'Shipment status'!$K:$K,'Flat knit'!$C28),SUMIFS('Shipment status'!$L:$L,'Shipment status'!$A:$A,'Flat knit'!$B28,'Shipment status'!$H:$H,R$3,'Shipment status'!$K:$K,'Flat knit'!$C28)) | S28: =IFERROR(R28/$F28,"-") | T28: =SUMIFS('Shipment status'!$L:$L,'Shipment status'!$A:$A,'Flat knit'!$B28,'Shipment status'!$H:$H,T$3,'Shipment status'!$K:$K,'Flat knit'!$C28) | U28: =SUMIFS('Shipment status'!$L:$L,'Shipment status'!$A:$A,'Flat knit'!$B28,'Shipment status'!$H:$H,U$3,'Shipment status'!$K:$K,'Flat knit'!$C28) | V28: =SUMIFS('Shipment status'!$L:$L,'Shipment status'!$A:$A,'Flat knit'!$B28,'Shipment status'!$H:$H,V$3,'Shipment status'!$K:$K,'Flat knit'!$C28) | W28: =SUMIFS('Shipment status'!$L:$L,'Shipment status'!$A:$A,'Flat knit'!$B28,'Shipment status'!$H:$H,W$3,'Shipment status'!$K:$K,'Flat knit'!$C28) | X28: =SUMIFS('Shipment status'!$L:$L,'Shipment status'!$A:$A,'Flat knit'!$B28,'Shipment status'!$H:$H,X$3,'Shipment status'!$K:$K,'Flat knit'!$C28) | Y28: =SUMIFS('Shipment status'!$L:$L,'Shipment status'!$A:$A,'Flat knit'!$B28,'Shipment status'!$H:$H,Y$3,'Shipment status'!$K:$K,'Flat knit'!$C28) | Z28: =SUMIFS('Shipment status'!$L:$L,'Shipment status'!$A:$A,'Flat knit'!$B28,'Shipment status'!$H:$H,Z$3,'Shipment status'!$K:$K,'Flat knit'!$C28) | AA28: =SUMIFS('Shipment status'!$L:$L,'Shipment status'!$A:$A,'Flat knit'!$B28,'Shipment status'!$H:$H,AA$3,'Shipment status'!$K:$K,'Flat knit'!$C28) | ... AK28: =SUMIFS('Shipment status'!$L:$L,'Shipment status'!$A:$A,'Flat knit'!$B28,'Shipment status'!$H:$H,AK$3,'Shipment status'!$K:$K,'Flat knit'!$C28)
A29: Haute Red | B29: 39 | C29: S | D29: 2 | E29: 2 | F29: 917 | G29: 0.04 | I29: =MAX(SUMIFS('Shipment status'!$L:$L,'Shipment status'!$A:$A,TRIM(CLEAN(SUBSTITUTE(VLOOKUP($B29&I$3,'PPO-GO'!$A:$AA,12,0)," ",""))),'Shipment status'!$H:$H,I$3,'Shipment status'!$K:$K,'Flat knit'!$C29),SUMIFS('Shipment status'!$L:$L,'Shipment status'!$A:$A,'Flat knit'!$B29,'Shipment status'!$H:$H,I$3,'Shipment status'!$K:$K,'Flat knit'!$C29)) | J29: =IFERROR(I29/$F29,"-") | L29: =MAX(SUMIFS('Shipment status'!$L:$L,'Shipment status'!$A:$A,TRIM(CLEAN(SUBSTITUTE(VLOOKUP($B29&L$3,'PPO-GO'!$A:$AA,12,0)," ",""))),'Shipment status'!$H:$H,L$3,'Shipment status'!$K:$K,'Flat knit'!$C29),SUMIFS('Shipment status'!$L:$L,'Shipment status'!$A:$A,'Flat knit'!$B29,'Shipment status'!$H:$H,L$3,'Shipment status'!$K:$K,'Flat knit'!$C29)) | M29: =IFERROR(IF(L29>I29*1.5,0.5,1)*L29/$F29,"-") | O29: =MAX(SUMIFS('Shipment status'!$L:$L,'Shipment status'!$A:$A,TRIM(CLEAN(SUBSTITUTE(VLOOKUP($B29,'PPO-GO'!$D:$L,9,0)," ",""))),'Shipment status'!$H:$H,O$3,'Shipment status'!$K:$K,'Flat knit'!$C29),SUMIFS('Shipment status'!$L:$L,'Shipment status'!$A:$A,'Flat knit'!$B29,'Shipment status'!$H:$H,O$3,'Shipment status'!$K:$K,'Flat knit'!$C29)) | P29: =IFERROR(O29/$F29,"-") | R29: =MAX(SUMIFS('Shipment status'!$L:$L,'Shipment status'!$A:$A,TRIM(CLEAN(SUBSTITUTE(VLOOKUP($B29,'PPO-GO'!$D:$L,9,0)," ",""))),'Shipment status'!$H:$H,R$3,'Shipment status'!$K:$K,'Flat knit'!$C29),SUMIFS('Shipment status'!$L:$L,'Shipment status'!$A:$A,'Flat knit'!$B29,'Shipment status'!$H:$H,R$3,'Shipment status'!$K:$K,'Flat knit'!$C29)) | S29: =IFERROR(R29/$F29,"-") | T29: =SUMIFS('Shipment status'!$L:$L,'Shipment status'!$A:$A,'Flat knit'!$B29,'Shipment status'!$H:$H,T$3,'Shipment status'!$K:$K,'Flat knit'!$C29) | U29: =SUMIFS('Shipment status'!$L:$L,'Shipment status'!$A:$A,'Flat knit'!$B29,'Shipment status'!$H:$H,U$3,'Shipment status'!$K:$K,'Flat knit'!$C29) | V29: =SUMIFS('Shipment status'!$L:$L,'Shipment status'!$A:$A,'Flat knit'!$B29,'Shipment status'!$H:$H,V$3,'Shipment status'!$K:$K,'Flat knit'!$C29) | W29: =SUMIFS('Shipment status'!$L:$L,'Shipment status'!$A:$A,'Flat knit'!$B29,'Shipment status'!$H:$H,W$3,'Shipment status'!$K:$K,'Flat knit'!$C29) | X29: =SUMIFS('Shipment status'!$L:$L,'Shipment status'!$A:$A,'Flat knit'!$B29,'Shipment status'!$H:$H,X$3,'Shipment status'!$K:$K,'Flat knit'!$C29) | Y29: =SUMIFS('Shipment status'!$L:$L,'Shipment status'!$A:$A,'Flat knit'!$B29,'Shipment status'!$H:$H,Y$3,'Shipment status'!$K:$K,'Flat knit'!$C29) | Z29: =SUMIFS('Shipment status'!$L:$L,'Shipment status'!$A:$A,'Flat knit'!$B29,'Shipment status'!$H:$H,Z$3,'Shipment status'!$K:$K,'Flat knit'!$C29) | AA29: =SUMIFS('Shipment status'!$L:$L,'Shipment status'!$A:$A,'Flat knit'!$B29,'Shipment status'!$H:$H,AA$3,'Shipment status'!$K:$K,'Flat knit'!$C29) | ... AK29: =SUMIFS('Shipment status'!$L:$L,'Shipment status'!$A:$A,'Flat knit'!$B29,'Shipment status'!$H:$H,AK$3,'Shipment status'!$K:$K,'Flat knit'!$C29)
A30: Haute Red | B30: 39 | C30: M | D30: 2 | E30: 2 | F30: 1548 | G30: 0.08 | I30: =MAX(SUMIFS('Shipment status'!$L:$L,'Shipment status'!$A:$A,TRIM(CLEAN(SUBSTITUTE(VLOOKUP($B30&I$3,'PPO-GO'!$A:$AA,12,0)," ",""))),'Shipment status'!$H:$H,I$3,'Shipment status'!$K:$K,'Flat knit'!$C30),SUMIFS('Shipment status'!$L:$L,'Shipment status'!$A:$A,'Flat knit'!$B30,'Shipment status'!$H:$H,I$3,'Shipment status'!$K:$K,'Flat knit'!$C30)) | J30: =IFERROR(I30/$F30,"-") | L30: =MAX(SUMIFS('Shipment status'!$L:$L,'Shipment status'!$A:$A,TRIM(CLEAN(SUBSTITUTE(VLOOKUP($B30&L$3,'PPO-GO'!$A:$AA,12,0)," ",""))),'Shipment status'!$H:$H,L$3,'Shipment status'!$K:$K,'Flat knit'!$C30),SUMIFS('Shipment status'!$L:$L,'Shipment status'!$A:$A,'Flat knit'!$B30,'Shipment status'!$H:$H,L$3,'Shipment status'!$K:$K,'Flat knit'!$C30)) | M30: =IFERROR(IF(L30>I30*1.5,0.5,1)*L30/$F30,"-") | O30: =MAX(SUMIFS('Shipment status'!$L:$L,'Shipment status'!$A:$A,TRIM(CLEAN(SUBSTITUTE(VLOOKUP($B30,'PPO-GO'!$D:$L,9,0)," ",""))),'Shipment status'!$H:$H,O$3,'Shipment status'!$K:$K,'Flat knit'!$C30),SUMIFS('Shipment status'!$L:$L,'Shipment status'!$A:$A,'Flat knit'!$B30,'Shipment status'!$H:$H,O$3,'Shipment status'!$K:$K,'Flat knit'!$C30)) | P30: =IFERROR(O30/$F30,"-") | R30: =MAX(SUMIFS('Shipment status'!$L:$L,'Shipment status'!$A:$A,TRIM(CLEAN(SUBSTITUTE(VLOOKUP($B30,'PPO-GO'!$D:$L,9,0)," ",""))),'Shipment status'!$H:$H,R$3,'Shipment status'!$K:$K,'Flat knit'!$C30),SUMIFS('Shipment status'!$L:$L,'Shipment status'!$A:$A,'Flat knit'!$B30,'Shipment status'!$H:$H,R$3,'Shipment status'!$K:$K,'Flat knit'!$C30)) | S30: =IFERROR(R30/$F30,"-") | T30: =SUMIFS('Shipment status'!$L:$L,'Shipment status'!$A:$A,'Flat knit'!$B30,'Shipment status'!$H:$H,T$3,'Shipment status'!$K:$K,'Flat knit'!$C30) | U30: =SUMIFS('Shipment status'!$L:$L,'Shipment status'!$A:$A,'Flat knit'!$B30,'Shipment status'!$H:$H,U$3,'Shipment status'!$K:$K,'Flat knit'!$C30) | V30: =SUMIFS('Shipment status'!$L:$L,'Shipment status'!$A:$A,'Flat knit'!$B30,'Shipment status'!$H:$H,V$3,'Shipment status'!$K:$K,'Flat knit'!$C30) | W30: =SUMIFS('Shipment status'!$L:$L,'Shipment status'!$A:$A,'Flat knit'!$B30,'Shipment status'!$H:$H,W$3,'Shipment status'!$K:$K,'Flat knit'!$C30) | X30: =SUMIFS('Shipment status'!$L:$L,'Shipment status'!$A:$A,'Flat knit'!$B30,'Shipment status'!$H:$H,X$3,'Shipment status'!$K:$K,'Flat knit'!$C30) | Y30: =SUMIFS('Shipment status'!$L:$L,'Shipment status'!$A:$A,'Flat knit'!$B30,'Shipment status'!$H:$H,Y$3,'Shipment status'!$K:$K,'Flat knit'!$C30) | Z30: =SUMIFS('Shipment status'!$L:$L,'Shipment status'!$A:$A,'Flat knit'!$B30,'Shipment status'!$H:$H,Z$3,'Shipment status'!$K:$K,'Flat knit'!$C30) | AA30: =SUMIFS('Shipment status'!$L:$L,'Shipment status'!$A:$A,'Flat knit'!$B30,'Shipment status'!$H:$H,AA$3,'Shipment status'!$K:$K,'Flat knit'!$C30) | ... AK30: =SUMIFS('Shipment status'!$L:$L,'Shipment status'!$A:$A,'Flat knit'!$B30,'Shipment status'!$H:$H,AK$3,'Shipment status'!$K:$K,'Flat knit'!$C30)
A31: Haute Red | B31: 39 | C31: L | D31: 2 | E31: 2 | F31: 1692 | G31: 0.08 | I31: =MAX(SUMIFS('Shipment status'!$L:$L,'Shipment status'!$A:$A,TRIM(CLEAN(SUBSTITUTE(VLOOKUP($B31&I$3,'PPO-GO'!$A:$AA,12,0)," ",""))),'Shipment status'!$H:$H,I$3,'Shipment status'!$K:$K,'Flat knit'!$C31),SUMIFS('Shipment status'!$L:$L,'Shipment status'!$A:$A,'Flat knit'!$B31,'Shipment status'!$H:$H,I$3,'Shipment status'!$K:$K,'Flat knit'!$C31)) | J31: =IFERROR(I31/$F31,"-") | L31: =MAX(SUMIFS('Shipment status'!$L:$L,'Shipment status'!$A:$A,TRIM(CLEAN(SUBSTITUTE(VLOOKUP($B31&L$3,'PPO-GO'!$A:$AA,12,0)," ",""))),'Shipment status'!$H:$H,L$3,'Shipment status'!$K:$K,'Flat knit'!$C31),SUMIFS('Shipment status'!$L:$L,'Shipment status'!$A:$A,'Flat knit'!$B31,'Shipment status'!$H:$H,L$3,'Shipment status'!$K:$K,'Flat knit'!$C31)) | M31: =IFERROR(IF(L31>I31*1.5,0.5,1)*L31/$F31,"-") | O31: =MAX(SUMIFS('Shipment status'!$L:$L,'Shipment status'!$A:$A,TRIM(CLEAN(SUBSTITUTE(VLOOKUP($B31,'PPO-GO'!$D:$L,9,0)," ",""))),'Shipment status'!$H:$H,O$3,'Shipment status'!$K:$K,'Flat knit'!$C31),SUMIFS('Shipment status'!$L:$L,'Shipment status'!$A:$A,'Flat knit'!$B31,'Shipment status'!$H:$H,O$3,'Shipment status'!$K:$K,'Flat knit'!$C31)) | P31: =IFERROR(O31/$F31,"-") | R31: =MAX(SUMIFS('Shipment status'!$L:$L,'Shipment status'!$A:$A,TRIM(CLEAN(SUBSTITUTE(VLOOKUP($B31,'PPO-GO'!$D:$L,9,0)," ",""))),'Shipment status'!$H:$H,R$3,'Shipment status'!$K:$K,'Flat knit'!$C31),SUMIFS('Shipment status'!$L:$L,'Shipment status'!$A:$A,'Flat knit'!$B31,'Shipment status'!$H:$H,R$3,'Shipment status'!$K:$K,'Flat knit'!$C31)) | S31: =IFERROR(R31/$F31,"-") | T31: =SUMIFS('Shipment status'!$L:$L,'Shipment status'!$A:$A,'Flat knit'!$B31,'Shipment status'!$H:$H,T$3,'Shipment status'!$K:$K,'Flat knit'!$C31) | U31: =SUMIFS('Shipment status'!$L:$L,'Shipment status'!$A:$A,'Flat knit'!$B31,'Shipment status'!$H:$H,U$3,'Shipment status'!$K:$K,'Flat knit'!$C31) | V31: =SUMIFS('Shipment status'!$L:$L,'Shipment status'!$A:$A,'Flat knit'!$B31,'Shipment status'!$H:$H,V$3,'Shipment status'!$K:$K,'Flat knit'!$C31) | W31: =SUMIFS('Shipment status'!$L:$L,'Shipment status'!$A:$A,'Flat knit'!$B31,'Shipment status'!$H:$H,W$3,'Shipment status'!$K:$K,'Flat knit'!$C31) | X31: =SUMIFS('Shipment status'!$L:$L,'Shipment status'!$A:$A,'Flat knit'!$B31,'Shipment status'!$H:$H,X$3,'Shipment status'!$K:$K,'Flat knit'!$C31) | Y31: =SUMIFS('Shipment status'!$L:$L,'Shipment status'!$A:$A,'Flat knit'!$B31,'Shipment status'!$H:$H,Y$3,'Shipment status'!$K:$K,'Flat knit'!$C31) | Z31: =SUMIFS('Shipment status'!$L:$L,'Shipment status'!$A:$A,'Flat knit'!$B31,'Shipment status'!$H:$H,Z$3,'Shipment status'!$K:$K,'Flat knit'!$C31) | AA31: =SUMIFS('Shipment status'!$L:$L,'Shipment status'!$A:$A,'Flat knit'!$B31,'Shipment status'!$H:$H,AA$3,'Shipment status'!$K:$K,'Flat knit'!$C31) | ... AK31: =SUMIFS('Shipment status'!$L:$L,'Shipment status'!$A:$A,'Flat knit'!$B31,'Shipment status'!$H:$H,AK$3,'Shipment status'!$K:$K,'Flat knit'!$C31)
A32: Haute Red | B32: 39 | C32: XXXL | D32: 2 | E32: 2 | F32: 98 | I32: =MAX(SUMIFS('Shipment status'!$L:$L,'Shipment status'!$A:$A,TRIM(CLEAN(SUBSTITUTE(VLOOKUP($B32&I$3,'PPO-GO'!$A:$AA,12,0)," ",""))),'Shipment status'!$H:$H,I$3,'Shipment status'!$K:$K,'Flat knit'!$C32),SUMIFS('Shipment status'!$L:$L,'Shipment status'!$A:$A,'Flat knit'!$B32,'Shipment status'!$H:$H,I$3,'Shipment status'!$K:$K,'Flat knit'!$C32)) | J32: =IFERROR(I32/$F32,"-") | L32: =MAX(SUMIFS('Shipment status'!$L:$L,'Shipment status'!$A:$A,TRIM(CLEAN(SUBSTITUTE(VLOOKUP($B32&L$3,'PPO-GO'!$A:$AA,12,0)," ",""))),'Shipment status'!$H:$H,L$3,'Shipment status'!$K:$K,'Flat knit'!$C32),SUMIFS('Shipment status'!$L:$L,'Shipment status'!$A:$A,'Flat knit'!$B32,'Shipment status'!$H:$H,L$3,'Shipment status'!$K:$K,'Flat knit'!$C32)) | M32: =IFERROR(IF(L32>I32*1.5,0.5,1)*L32/$F32,"-") | O32: =MAX(SUMIFS('Shipment status'!$L:$L,'Shipment status'!$A:$A,TRIM(CLEAN(SUBSTITUTE(VLOOKUP($B32,'PPO-GO'!$D:$L,9,0)," ",""))),'Shipment status'!$H:$H,O$3,'Shipment status'!$K:$K,'Flat knit'!$C32),SUMIFS('Shipment status'!$L:$L,'Shipment status'!$A:$A,'Flat knit'!$B32,'Shipment status'!$H:$H,O$3,'Shipment status'!$K:$K,'Flat knit'!$C32)) | P32: =IFERROR(O32/$F32,"-") | R32: =MAX(SUMIFS('Shipment status'!$L:$L,'Shipment status'!$A:$A,TRIM(CLEAN(SUBSTITUTE(VLOOKUP($B32,'PPO-GO'!$D:$L,9,0)," ",""))),'Shipment status'!$H:$H,R$3,'Shipment status'!$K:$K,'Flat knit'!$C32),SUMIFS('Shipment status'!$L:$L,'Shipment status'!$A:$A,'Flat knit'!$B32,'Shipment status'!$H:$H,R$3,'Shipment status'!$K:$K,'Flat knit'!$C32)) | S32: =IFERROR(R32/$F32,"-") | T32: =SUMIFS('Shipment status'!$L:$L,'Shipment status'!$A:$A,'Flat knit'!$B32,'Shipment status'!$H:$H,T$3,'Shipment status'!$K:$K,'Flat knit'!$C32) | U32: =SUMIFS('Shipment status'!$L:$L,'Shipment status'!$A:$A,'Flat knit'!$B32,'Shipment status'!$H:$H,U$3,'Shipment status'!$K:$K,'Flat knit'!$C32) | V32: =SUMIFS('Shipment status'!$L:$L,'Shipment status'!$A:$A,'Flat knit'!$B32,'Shipment status'!$H:$H,V$3,'Shipment status'!$K:$K,'Flat knit'!$C32) | W32: =SUMIFS('Shipment status'!$L:$L,'Shipment status'!$A:$A,'Flat knit'!$B32,'Shipment status'!$H:$H,W$3,'Shipment status'!$K:$K,'Flat knit'!$C32) | X32: =SUMIFS('Shipment status'!$L:$L,'Shipment status'!$A:$A,'Flat knit'!$B32,'Shipment status'!$H:$H,X$3,'Shipment status'!$K:$K,'Flat knit'!$C32) | Y32: =SUMIFS('Shipment status'!$L:$L,'Shipment status'!$A:$A,'Flat knit'!$B32,'Shipment status'!$H:$H,Y$3,'Shipment status'!$K:$K,'Flat knit'!$C32) | Z32: =SUMIFS('Shipment status'!$L:$L,'Shipment status'!$A:$A,'Flat knit'!$B32,'Shipment status'!$H:$H,Z$3,'Shipment status'!$K:$K,'Flat knit'!$C32) | AA32: =SUMIFS('Shipment status'!$L:$L,'Shipment status'!$A:$A,'Flat knit'!$B32,'Shipment status'!$H:$H,AA$3,'Shipment status'!$K:$K,'Flat knit'!$C32) | ... AK32: =SUMIFS('Shipment status'!$L:$L,'Shipment status'!$A:$A,'Flat knit'!$B32,'Shipment status'!$H:$H,AK$3,'Shipment status'!$K:$K,'Flat knit'!$C32)
A33: Haute Red | B33: 39 | C33: 2XL | D33: 2 | E33: 2 | F33: 742 | I33: =MAX(SUMIFS('Shipment status'!$L:$L,'Shipment status'!$A:$A,TRIM(CLEAN(SUBSTITUTE(VLOOKUP($B33&I$3,'PPO-GO'!$A:$AA,12,0)," ",""))),'Shipment status'!$H:$H,I$3,'Shipment status'!$K:$K,'Flat knit'!$C33),SUMIFS('Shipment status'!$L:$L,'Shipment status'!$A:$A,'Flat knit'!$B33,'Shipment status'!$H:$H,I$3,'Shipment status'!$K:$K,'Flat knit'!$C33)) | J33: =IFERROR(I33/$F33,"-") | L33: =MAX(SUMIFS('Shipment status'!$L:$L,'Shipment status'!$A:$A,TRIM(CLEAN(SUBSTITUTE(VLOOKUP($B33&L$3,'PPO-GO'!$A:$AA,12,0)," ",""))),'Shipment status'!$H:$H,L$3,'Shipment status'!$K:$K,'Flat knit'!$C33),SUMIFS('Shipment status'!$L:$L,'Shipment status'!$A:$A,'Flat knit'!$B33,'Shipment status'!$H:$H,L$3,'Shipment status'!$K:$K,'Flat knit'!$C33)) | M33: =IFERROR(IF(L33>I33*1.5,0.5,1)*L33/$F33,"-") | O33: =MAX(SUMIFS('Shipment status'!$L:$L,'Shipment status'!$A:$A,TRIM(CLEAN(SUBSTITUTE(VLOOKUP($B33,'PPO-GO'!$D:$L,9,0)," ",""))),'Shipment status'!$H:$H,O$3,'Shipment status'!$K:$K,'Flat knit'!$C33),SUMIFS('Shipment status'!$L:$L,'Shipment status'!$A:$A,'Flat knit'!$B33,'Shipment status'!$H:$H,O$3,'Shipment status'!$K:$K,'Flat knit'!$C33)) | P33: =IFERROR(O33/$F33,"-") | R33: =MAX(SUMIFS('Shipment status'!$L:$L,'Shipment status'!$A:$A,TRIM(CLEAN(SUBSTITUTE(VLOOKUP($B33,'PPO-GO'!$D:$L,9,0)," ",""))),'Shipment status'!$H:$H,R$3,'Shipment status'!$K:$K,'Flat knit'!$C33),SUMIFS('Shipment status'!$L:$L,'Shipment status'!$A:$A,'Flat knit'!$B33,'Shipment status'!$H:$H,R$3,'Shipment status'!$K:$K,'Flat knit'!$C33)) | S33: =IFERROR(R33/$F33,"-") | T33: =SUMIFS('Shipment status'!$L:$L,'Shipment status'!$A:$A,'Flat knit'!$B33,'Shipment status'!$H:$H,T$3,'Shipment status'!$K:$K,'Flat knit'!$C33) | U33: =SUMIFS('Shipment status'!$L:$L,'Shipment status'!$A:$A,'Flat knit'!$B33,'Shipment status'!$H:$H,U$3,'Shipment status'!$K:$K,'Flat knit'!$C33) | V33: =SUMIFS('Shipment status'!$L:$L,'Shipment status'!$A:$A,'Flat knit'!$B33,'Shipment status'!$H:$H,V$3,'Shipment status'!$K:$K,'Flat knit'!$C33) | W33: =SUMIFS('Shipment status'!$L:$L,'Shipment status'!$A:$A,'Flat knit'!$B33,'Shipment status'!$H:$H,W$3,'Shipment status'!$K:$K,'Flat knit'!$C33) | X33: =SUMIFS('Shipment status'!$L:$L,'Shipment status'!$A:$A,'Flat knit'!$B33,'Shipment status'!$H:$H,X$3,'Shipment status'!$K:$K,'Flat knit'!$C33) | Y33: =SUMIFS('Shipment status'!$L:$L,'Shipment status'!$A:$A,'Flat knit'!$B33,'Shipment status'!$H:$H,Y$3,'Shipment status'!$K:$K,'Flat knit'!$C33) | Z33: =SUMIFS('Shipment status'!$L:$L,'Shipment status'!$A:$A,'Flat knit'!$B33,'Shipment status'!$H:$H,Z$3,'Shipment status'!$K:$K,'Flat knit'!$C33) | AA33: =SUMIFS('Shipment status'!$L:$L,'Shipment status'!$A:$A,'Flat knit'!$B33,'Shipment status'!$H:$H,AA$3,'Shipment status'!$K:$K,'Flat knit'!$C33) | ... AK33: =SUMIFS('Shipment status'!$L:$L,'Shipment status'!$A:$A,'Flat knit'!$B33,'Shipment status'!$H:$H,AK$3,'Shipment status'!$K:$K,'Flat knit'!$C33)
A34: Haute Red | B34: 39 | C34: XS | D34: 2 | E34: 2 | F34: 220 | I34: =MAX(SUMIFS('Shipment status'!$L:$L,'Shipment status'!$A:$A,TRIM(CLEAN(SUBSTITUTE(VLOOKUP($B34&I$3,'PPO-GO'!$A:$AA,12,0)," ",""))),'Shipment status'!$H:$H,I$3,'Shipment status'!$K:$K,'Flat knit'!$C34),SUMIFS('Shipment status'!$L:$L,'Shipment status'!$A:$A,'Flat knit'!$B34,'Shipment status'!$H:$H,I$3,'Shipment status'!$K:$K,'Flat knit'!$C34)) | J34: =IFERROR(I34/$F34,"-") | L34: =MAX(SUMIFS('Shipment status'!$L:$L,'Shipment status'!$A:$A,TRIM(CLEAN(SUBSTITUTE(VLOOKUP($B34&L$3,'PPO-GO'!$A:$AA,12,0)," ",""))),'Shipment status'!$H:$H,L$3,'Shipment status'!$K:$K,'Flat knit'!$C34),SUMIFS('Shipment status'!$L:$L,'Shipment status'!$A:$A,'Flat knit'!$B34,'Shipment status'!$H:$H,L$3,'Shipment status'!$K:$K,'Flat knit'!$C34)) | M34: =IFERROR(IF(L34>I34*1.5,0.5,1)*L34/$F34,"-") | O34: =MAX(SUMIFS('Shipment status'!$L:$L,'Shipment status'!$A:$A,TRIM(CLEAN(SUBSTITUTE(VLOOKUP($B34,'PPO-GO'!$D:$L,9,0)," ",""))),'Shipment status'!$H:$H,O$3,'Shipment status'!$K:$K,'Flat knit'!$C34),SUMIFS('Shipment status'!$L:$L,'Shipment status'!$A:$A,'Flat knit'!$B34,'Shipment status'!$H:$H,O$3,'Shipment status'!$K:$K,'Flat knit'!$C34)) | P34: =IFERROR(O34/$F34,"-") | R34: =MAX(SUMIFS('Shipment status'!$L:$L,'Shipment status'!$A:$A,TRIM(CLEAN(SUBSTITUTE(VLOOKUP($B34,'PPO-GO'!$D:$L,9,0)," ",""))),'Shipment status'!$H:$H,R$3,'Shipment status'!$K:$K,'Flat knit'!$C34),SUMIFS('Shipment status'!$L:$L,'Shipment status'!$A:$A,'Flat knit'!$B34,'Shipment status'!$H:$H,R$3,'Shipment status'!$K:$K,'Flat knit'!$C34)) | S34: =IFERROR(R34/$F34,"-") | T34: =SUMIFS('Shipment status'!$L:$L,'Shipment status'!$A:$A,'Flat knit'!$B34,'Shipment status'!$H:$H,T$3,'Shipment status'!$K:$K,'Flat knit'!$C34) | U34: =SUMIFS('Shipment status'!$L:$L,'Shipment status'!$A:$A,'Flat knit'!$B34,'Shipment status'!$H:$H,U$3,'Shipment status'!$K:$K,'Flat knit'!$C34) | V34: =SUMIFS('Shipment status'!$L:$L,'Shipment status'!$A:$A,'Flat knit'!$B34,'Shipment status'!$H:$H,V$3,'Shipment status'!$K:$K,'Flat knit'!$C34) | W34: =SUMIFS('Shipment status'!$L:$L,'Shipment status'!$A:$A,'Flat knit'!$B34,'Shipment status'!$H:$H,W$3,'Shipment status'!$K:$K,'Flat knit'!$C34) | X34: =SUMIFS('Shipment status'!$L:$L,'Shipment status'!$A:$A,'Flat knit'!$B34,'Shipment status'!$H:$H,X$3,'Shipment status'!$K:$K,'Flat knit'!$C34) | Y34: =SUMIFS('Shipment status'!$L:$L,'Shipment status'!$A:$A,'Flat knit'!$B34,'Shipment status'!$H:$H,Y$3,'Shipment status'!$K:$K,'Flat knit'!$C34) | Z34: =SUMIFS('Shipment status'!$L:$L,'Shipment status'!$A:$A,'Flat knit'!$B34,'Shipment status'!$H:$H,Z$3,'Shipment status'!$K:$K,'Flat knit'!$C34) | AA34: =SUMIFS('Shipment status'!$L:$L,'Shipment status'!$A:$A,'Flat knit'!$B34,'Shipment status'!$H:$H,AA$3,'Shipment status'!$K:$K,'Flat knit'!$C34) | ... AK34: =SUMIFS('Shipment status'!$L:$L,'Shipment status'!$A:$A,'Flat knit'!$B34,'Shipment status'!$H:$H,AK$3,'Shipment status'!$K:$K,'Flat knit'!$C34)
A35: Troposphere | B35: 29 | C35: XL | D35: 2 | E35: 2 | F35: 1635 | G35: 3.54 | I35: =MAX(SUMIFS('Shipment status'!$L:$L,'Shipment status'!$A:$A,TRIM(CLEAN(SUBSTITUTE(VLOOKUP($B35&I$3,'PPO-GO'!$A:$AA,12,0)," ",""))),'Shipment status'!$H:$H,I$3,'Shipment status'!$K:$K,'Flat knit'!$C35),SUMIFS('Shipment status'!$L:$L,'Shipment status'!$A:$A,'Flat knit'!$B35,'Shipment status'!$H:$H,I$3,'Shipment status'!$K:$K,'Flat knit'!$C35)) | J35: =IFERROR(I35/$F35,"-") | L35: =MAX(SUMIFS('Shipment status'!$L:$L,'Shipment status'!$A:$A,TRIM(CLEAN(SUBSTITUTE(VLOOKUP($B35&L$3,'PPO-GO'!$A:$AA,12,0)," ",""))),'Shipment status'!$H:$H,L$3,'Shipment status'!$K:$K,'Flat knit'!$C35),SUMIFS('Shipment status'!$L:$L,'Shipment status'!$A:$A,'Flat knit'!$B35,'Shipment status'!$H:$H,L$3,'Shipment status'!$K:$K,'Flat knit'!$C35)) | M35: =IFERROR(IF(L35>I35*1.5,0.5,1)*L35/$F35,"-") | O35: =MAX(SUMIFS('Shipment status'!$L:$L,'Shipment status'!$A:$A,TRIM(CLEAN(SUBSTITUTE(VLOOKUP($B35,'PPO-GO'!$D:$L,9,0)," ",""))),'Shipment status'!$H:$H,O$3,'Shipment status'!$K:$K,'Flat knit'!$C35),SUMIFS('Shipment status'!$L:$L,'Shipment status'!$A:$A,'Flat knit'!$B35,'Shipment status'!$H:$H,O$3,'Shipment status'!$K:$K,'Flat knit'!$C35)) | P35: =IFERROR(O35/$F35,"-") | R35: =MAX(SUMIFS('Shipment status'!$L:$L,'Shipment status'!$A:$A,TRIM(CLEAN(SUBSTITUTE(VLOOKUP($B35,'PPO-GO'!$D:$L,9,0)," ",""))),'Shipment status'!$H:$H,R$3,'Shipment status'!$K:$K,'Flat knit'!$C35),SUMIFS('Shipment status'!$L:$L,'Shipment status'!$A:$A,'Flat knit'!$B35,'Shipment status'!$H:$H,R$3,'Shipment status'!$K:$K,'Flat knit'!$C35)) | S35: =IFERROR(R35/$F35,"-") | T35: =SUMIFS('Shipment status'!$L:$L,'Shipment status'!$A:$A,'Flat knit'!$B35,'Shipment status'!$H:$H,T$3,'Shipment status'!$K:$K,'Flat knit'!$C35) | U35: =SUMIFS('Shipment status'!$L:$L,'Shipment status'!$A:$A,'Flat knit'!$B35,'Shipment status'!$H:$H,U$3,'Shipment status'!$K:$K,'Flat knit'!$C35) | V35: =SUMIFS('Shipment status'!$L:$L,'Shipment status'!$A:$A,'Flat knit'!$B35,'Shipment status'!$H:$H,V$3,'Shipment status'!$K:$K,'Flat knit'!$C35) | W35: =SUMIFS('Shipment status'!$L:$L,'Shipment status'!$A:$A,'Flat knit'!$B35,'Shipment status'!$H:$H,W$3,'Shipment status'!$K:$K,'Flat knit'!$C35) | X35: =SUMIFS('Shipment status'!$L:$L,'Shipment status'!$A:$A,'Flat knit'!$B35,'Shipment status'!$H:$H,X$3,'Shipment status'!$K:$K,'Flat knit'!$C35) | Y35: =SUMIFS('Shipment status'!$L:$L,'Shipment status'!$A:$A,'Flat knit'!$B35,'Shipment status'!$H:$H,Y$3,'Shipment status'!$K:$K,'Flat knit'!$C35) | Z35: =SUMIFS('Shipment status'!$L:$L,'Shipment status'!$A:$A,'Flat knit'!$B35,'Shipment status'!$H:$H,Z$3,'Shipment status'!$K:$K,'Flat knit'!$C35) | AA35: =SUMIFS('Shipment status'!$L:$L,'Shipment status'!$A:$A,'Flat knit'!$B35,'Shipment status'!$H:$H,AA$3,'Shipment status'!$K:$K,'Flat knit'!$C35) | ... AK35: =SUMIFS('Shipment status'!$L:$L,'Shipment status'!$A:$A,'Flat knit'!$B35,'Shipment status'!$H:$H,AK$3,'Shipment status'!$K:$K,'Flat knit'!$C35)
A36: Troposphere | B36: 29 | C36: S | D36: 2 | E36: 2 | F36: 1160 | G36: 0.84 | I36: =MAX(SUMIFS('Shipment status'!$L:$L,'Shipment status'!$A:$A,TRIM(CLEAN(SUBSTITUTE(VLOOKUP($B36&I$3,'PPO-GO'!$A:$AA,12,0)," ",""))),'Shipment status'!$H:$H,I$3,'Shipment status'!$K:$K,'Flat knit'!$C36),SUMIFS('Shipment status'!$L:$L,'Shipment status'!$A:$A,'Flat knit'!$B36,'Shipment status'!$H:$H,I$3,'Shipment status'!$K:$K,'Flat knit'!$C36)) | J36: =IFERROR(I36/$F36,"-") | L36: =MAX(SUMIFS('Shipment status'!$L:$L,'Shipment status'!$A:$A,TRIM(CLEAN(SUBSTITUTE(VLOOKUP($B36&L$3,'PPO-GO'!$A:$AA,12,0)," ",""))),'Shipment status'!$H:$H,L$3,'Shipment status'!$K:$K,'Flat knit'!$C36),SUMIFS('Shipment status'!$L:$L,'Shipment status'!$A:$A,'Flat knit'!$B36,'Shipment status'!$H:$H,L$3,'Shipment status'!$K:$K,'Flat knit'!$C36)) | M36: =IFERROR(IF(L36>I36*1.5,0.5,1)*L36/$F36,"-") | O36: =MAX(SUMIFS('Shipment status'!$L:$L,'Shipment status'!$A:$A,TRIM(CLEAN(SUBSTITUTE(VLOOKUP($B36,'PPO-GO'!$D:$L,9,0)," ",""))),'Shipment status'!$H:$H,O$3,'Shipment status'!$K:$K,'Flat knit'!$C36),SUMIFS('Shipment status'!$L:$L,'Shipment status'!$A:$A,'Flat knit'!$B36,'Shipment status'!$H:$H,O$3,'Shipment status'!$K:$K,'Flat knit'!$C36)) | P36: =IFERROR(O36/$F36,"-") | R36: =MAX(SUMIFS('Shipment status'!$L:$L,'Shipment status'!$A:$A,TRIM(CLEAN(SUBSTITUTE(VLOOKUP($B36,'PPO-GO'!$D:$L,9,0)," ",""))),'Shipment status'!$H:$H,R$3,'Shipment status'!$K:$K,'Flat knit'!$C36),SUMIFS('Shipment status'!$L:$L,'Shipment status'!$A:$A,'Flat knit'!$B36,'Shipment status'!$H:$H,R$3,'Shipment status'!$K:$K,'Flat knit'!$C36)) | S36: =IFERROR(R36/$F36,"-") | T36: =SUMIFS('Shipment status'!$L:$L,'Shipment status'!$A:$A,'Flat knit'!$B36,'Shipment status'!$H:$H,T$3,'Shipment status'!$K:$K,'Flat knit'!$C36) | U36: =SUMIFS('Shipment status'!$L:$L,'Shipment status'!$A:$A,'Flat knit'!$B36,'Shipment status'!$H:$H,U$3,'Shipment status'!$K:$K,'Flat knit'!$C36) | V36: =SUMIFS('Shipment status'!$L:$L,'Shipment status'!$A:$A,'Flat knit'!$B36,'Shipment status'!$H:$H,V$3,'Shipment status'!$K:$K,'Flat knit'!$C36) | W36: =SUMIFS('Shipment status'!$L:$L,'Shipment status'!$A:$A,'Flat knit'!$B36,'Shipment status'!$H:$H,W$3,'Shipment status'!$K:$K,'Flat knit'!$C36) | X36: =SUMIFS('Shipment status'!$L:$L,'Shipment status'!$A:$A,'Flat knit'!$B36,'Shipment status'!$H:$H,X$3,'Shipment status'!$K:$K,'Flat knit'!$C36) | Y36: =SUMIFS('Shipment status'!$L:$L,'Shipment status'!$A:$A,'Flat knit'!$B36,'Shipment status'!$H:$H,Y$3,'Shipment status'!$K:$K,'Flat knit'!$C36) | Z36: =SUMIFS('Shipment status'!$L:$L,'Shipment status'!$A:$A,'Flat knit'!$B36,'Shipment status'!$H:$H,Z$3,'Shipment status'!$K:$K,'Flat knit'!$C36) | AA36: =SUMIFS('Shipment status'!$L:$L,'Shipment status'!$A:$A,'Flat knit'!$B36,'Shipment status'!$H:$H,AA$3,'Shipment status'!$K:$K,'Flat knit'!$C36) | ... AK36: =SUMIFS('Shipment status'!$L:$L,'Shipment status'!$A:$A,'Flat knit'!$B36,'Shipment status'!$H:$H,AK$3,'Shipment status'!$K:$K,'Flat knit'!$C36)
A37: Troposphere | B37: 29 | C37: M | D37: 2 | E37: 2 | F37: 1918 | G37: 2.18 | I37: =MAX(SUMIFS('Shipment status'!$L:$L,'Shipment status'!$A:$A,TRIM(CLEAN(SUBSTITUTE(VLOOKUP($B37&I$3,'PPO-GO'!$A:$AA,12,0)," ",""))),'Shipment status'!$H:$H,I$3,'Shipment status'!$K:$K,'Flat knit'!$C37),SUMIFS('Shipment status'!$L:$L,'Shipment status'!$A:$A,'Flat knit'!$B37,'Shipment status'!$H:$H,I$3,'Shipment status'!$K:$K,'Flat knit'!$C37)) | J37: =IFERROR(I37/$F37,"-") | L37: =MAX(SUMIFS('Shipment status'!$L:$L,'Shipment status'!$A:$A,TRIM(CLEAN(SUBSTITUTE(VLOOKUP($B37&L$3,'PPO-GO'!$A:$AA,12,0)," ",""))),'Shipment status'!$H:$H,L$3,'Shipment status'!$K:$K,'Flat knit'!$C37),SUMIFS('Shipment status'!$L:$L,'Shipment status'!$A:$A,'Flat knit'!$B37,'Shipment status'!$H:$H,L$3,'Shipment status'!$K:$K,'Flat knit'!$C37)) | M37: =IFERROR(IF(L37>I37*1.5,0.5,1)*L37/$F37,"-") | O37: =MAX(SUMIFS('Shipment status'!$L:$L,'Shipment status'!$A:$A,TRIM(CLEAN(SUBSTITUTE(VLOOKUP($B37,'PPO-GO'!$D:$L,9,0)," ",""))),'Shipment status'!$H:$H,O$3,'Shipment status'!$K:$K,'Flat knit'!$C37),SUMIFS('Shipment status'!$L:$L,'Shipment status'!$A:$A,'Flat knit'!$B37,'Shipment status'!$H:$H,O$3,'Shipment status'!$K:$K,'Flat knit'!$C37)) | P37: =IFERROR(O37/$F37,"-") | R37: =MAX(SUMIFS('Shipment status'!$L:$L,'Shipment status'!$A:$A,TRIM(CLEAN(SUBSTITUTE(VLOOKUP($B37,'PPO-GO'!$D:$L,9,0)," ",""))),'Shipment status'!$H:$H,R$3,'Shipment status'!$K:$K,'Flat knit'!$C37),SUMIFS('Shipment status'!$L:$L,'Shipment status'!$A:$A,'Flat knit'!$B37,'Shipment status'!$H:$H,R$3,'Shipment status'!$K:$K,'Flat knit'!$C37)) | S37: =IFERROR(R37/$F37,"-") | T37: =SUMIFS('Shipment status'!$L:$L,'Shipment status'!$A:$A,'Flat knit'!$B37,'Shipment status'!$H:$H,T$3,'Shipment status'!$K:$K,'Flat knit'!$C37) | U37: =SUMIFS('Shipment status'!$L:$L,'Shipment status'!$A:$A,'Flat knit'!$B37,'Shipment status'!$H:$H,U$3,'Shipment status'!$K:$K,'Flat knit'!$C37) | V37: =SUMIFS('Shipment status'!$L:$L,'Shipment status'!$A:$A,'Flat knit'!$B37,'Shipment status'!$H:$H,V$3,'Shipment status'!$K:$K,'Flat knit'!$C37) | W37: =SUMIFS('Shipment status'!$L:$L,'Shipment status'!$A:$A,'Flat knit'!$B37,'Shipment status'!$H:$H,W$3,'Shipment status'!$K:$K,'Flat knit'!$C37) | X37: =SUMIFS('Shipment status'!$L:$L,'Shipment status'!$A:$A,'Flat knit'!$B37,'Shipment status'!$H:$H,X$3,'Shipment status'!$K:$K,'Flat knit'!$C37) | Y37: =SUMIFS('Shipment status'!$L:$L,'Shipment status'!$A:$A,'Flat knit'!$B37,'Shipment status'!$H:$H,Y$3,'Shipment status'!$K:$K,'Flat knit'!$C37) | Z37: =SUMIFS('Shipment status'!$L:$L,'Shipment status'!$A:$A,'Flat knit'!$B37,'Shipment status'!$H:$H,Z$3,'Shipment status'!$K:$K,'Flat knit'!$C37) | AA37: =SUMIFS('Shipment status'!$L:$L,'Shipment status'!$A:$A,'Flat knit'!$B37,'Shipment status'!$H:$H,AA$3,'Shipment status'!$K:$K,'Flat knit'!$C37) | ... AK37: =SUMIFS('Shipment status'!$L:$L,'Shipment status'!$A:$A,'Flat knit'!$B37,'Shipment status'!$H:$H,AK$3,'Shipment status'!$K:$K,'Flat knit'!$C37)
A38: Troposphere | B38: 29 | C38: L | D38: 2 | E38: 2 | F38: 2203 | G38: 3.88 | I38: =MAX(SUMIFS('Shipment status'!$L:$L,'Shipment status'!$A:$A,TRIM(CLEAN(SUBSTITUTE(VLOOKUP($B38&I$3,'PPO-GO'!$A:$AA,12,0)," ",""))),'Shipment status'!$H:$H,I$3,'Shipment status'!$K:$K,'Flat knit'!$C38),SUMIFS('Shipment status'!$L:$L,'Shipment status'!$A:$A,'Flat knit'!$B38,'Shipment status'!$H:$H,I$3,'Shipment status'!$K:$K,'Flat knit'!$C38)) | J38: =IFERROR(I38/$F38,"-") | L38: =MAX(SUMIFS('Shipment status'!$L:$L,'Shipment status'!$A:$A,TRIM(CLEAN(SUBSTITUTE(VLOOKUP($B38&L$3,'PPO-GO'!$A:$AA,12,0)," ",""))),'Shipment status'!$H:$H,L$3,'Shipment status'!$K:$K,'Flat knit'!$C38),SUMIFS('Shipment status'!$L:$L,'Shipment status'!$A:$A,'Flat knit'!$B38,'Shipment status'!$H:$H,L$3,'Shipment status'!$K:$K,'Flat knit'!$C38)) | M38: =IFERROR(IF(L38>I38*1.5,0.5,1)*L38/$F38,"-") | O38: =MAX(SUMIFS('Shipment status'!$L:$L,'Shipment status'!$A:$A,TRIM(CLEAN(SUBSTITUTE(VLOOKUP($B38,'PPO-GO'!$D:$L,9,0)," ",""))),'Shipment status'!$H:$H,O$3,'Shipment status'!$K:$K,'Flat knit'!$C38),SUMIFS('Shipment status'!$L:$L,'Shipment status'!$A:$A,'Flat knit'!$B38,'Shipment status'!$H:$H,O$3,'Shipment status'!$K:$K,'Flat knit'!$C38)) | P38: =IFERROR(O38/$F38,"-") | R38: =MAX(SUMIFS('Shipment status'!$L:$L,'Shipment status'!$A:$A,TRIM(CLEAN(SUBSTITUTE(VLOOKUP($B38,'PPO-GO'!$D:$L,9,0)," ",""))),'Shipment status'!$H:$H,R$3,'Shipment status'!$K:$K,'Flat knit'!$C38),SUMIFS('Shipment status'!$L:$L,'Shipment status'!$A:$A,'Flat knit'!$B38,'Shipment status'!$H:$H,R$3,'Shipment status'!$K:$K,'Flat knit'!$C38)) | S38: =IFERROR(R38/$F38,"-") | T38: =SUMIFS('Shipment status'!$L:$L,'Shipment status'!$A:$A,'Flat knit'!$B38,'Shipment status'!$H:$H,T$3,'Shipment status'!$K:$K,'Flat knit'!$C38) | U38: =SUMIFS('Shipment status'!$L:$L,'Shipment status'!$A:$A,'Flat knit'!$B38,'Shipment status'!$H:$H,U$3,'Shipment status'!$K:$K,'Flat knit'!$C38) | V38: =SUMIFS('Shipment status'!$L:$L,'Shipment status'!$A:$A,'Flat knit'!$B38,'Shipment status'!$H:$H,V$3,'Shipment status'!$K:$K,'Flat knit'!$C38) | W38: =SUMIFS('Shipment status'!$L:$L,'Shipment status'!$A:$A,'Flat knit'!$B38,'Shipment status'!$H:$H,W$3,'Shipment status'!$K:$K,'Flat knit'!$C38) | X38: =SUMIFS('Shipment status'!$L:$L,'Shipment status'!$A:$A,'Flat knit'!$B38,'Shipment status'!$H:$H,X$3,'Shipment status'!$K:$K,'Flat knit'!$C38) | Y38: =SUMIFS('Shipment status'!$L:$L,'Shipment status'!$A:$A,'Flat knit'!$B38,'Shipment status'!$H:$H,Y$3,'Shipment status'!$K:$K,'Flat knit'!$C38) | Z38: =SUMIFS('Shipment status'!$L:$L,'Shipment status'!$A:$A,'Flat knit'!$B38,'Shipment status'!$H:$H,Z$3,'Shipment status'!$K:$K,'Flat knit'!$C38) | AA38: =SUMIFS('Shipment status'!$L:$L,'Shipment status'!$A:$A,'Flat knit'!$B38,'Shipment status'!$H:$H,AA$3,'Shipment status'!$K:$K,'Flat knit'!$C38) | ... AK38: =SUMIFS('Shipment status'!$L:$L,'Shipment status'!$A:$A,'Flat knit'!$B38,'Shipment status'!$H:$H,AK$3,'Shipment status'!$K:$K,'Flat knit'!$C38)
A39: Troposphere | B39: 29 | C39: TTL | D39: 2 | E39: 2 | F39: 330 | I39: =MAX(SUMIFS('Shipment status'!$L:$L,'Shipment status'!$A:$A,TRIM(CLEAN(SUBSTITUTE(VLOOKUP($B39&I$3,'PPO-GO'!$A:$AA,12,0)," ",""))),'Shipment status'!$H:$H,I$3,'Shipment status'!$K:$K,'Flat knit'!$C39),SUMIFS('Shipment status'!$L:$L,'Shipment status'!$A:$A,'Flat knit'!$B39,'Shipment status'!$H:$H,I$3,'Shipment status'!$K:$K,'Flat knit'!$C39)) | J39: =IFERROR(I39/$F39,"-") | L39: =MAX(SUMIFS('Shipment status'!$L:$L,'Shipment status'!$A:$A,TRIM(CLEAN(SUBSTITUTE(VLOOKUP($B39&L$3,'PPO-GO'!$A:$AA,12,0)," ",""))),'Shipment status'!$H:$H,L$3,'Shipment status'!$K:$K,'Flat knit'!$C39),SUMIFS('Shipment status'!$L:$L,'Shipment status'!$A:$A,'Flat knit'!$B39,'Shipment status'!$H:$H,L$3,'Shipment status'!$K:$K,'Flat knit'!$C39)) | M39: =IFERROR(IF(L39>I39*1.5,0.5,1)*L39/$F39,"-") | O39: =MAX(SUMIFS('Shipment status'!$L:$L,'Shipment status'!$A:$A,TRIM(CLEAN(SUBSTITUTE(VLOOKUP($B39,'PPO-GO'!$D:$L,9,0)," ",""))),'Shipment status'!$H:$H,O$3,'Shipment status'!$K:$K,'Flat knit'!$C39),SUMIFS('Shipment status'!$L:$L,'Shipment status'!$A:$A,'Flat knit'!$B39,'Shipment status'!$H:$H,O$3,'Shipment status'!$K:$K,'Flat knit'!$C39)) | P39: =IFERROR(O39/$F39,"-") | R39: =MAX(SUMIFS('Shipment status'!$L:$L,'Shipment status'!$A:$A,TRIM(CLEAN(SUBSTITUTE(VLOOKUP($B39,'PPO-GO'!$D:$L,9,0)," ",""))),'Shipment status'!$H:$H,R$3,'Shipment status'!$K:$K,'Flat knit'!$C39),SUMIFS('Shipment status'!$L:$L,'Shipment status'!$A:$A,'Flat knit'!$B39,'Shipment status'!$H:$H,R$3,'Shipment status'!$K:$K,'Flat knit'!$C39)) | S39: =IFERROR(R39/$F39,"-") | T39: =SUMIFS('Shipment status'!$L:$L,'Shipment status'!$A:$A,'Flat knit'!$B39,'Shipment status'!$H:$H,T$3,'Shipment status'!$K:$K,'Flat knit'!$C39) | U39: =SUMIFS('Shipment status'!$L:$L,'Shipment status'!$A:$A,'Flat knit'!$B39,'Shipment status'!$H:$H,U$3,'Shipment status'!$K:$K,'Flat knit'!$C39) | V39: =SUMIFS('Shipment status'!$L:$L,'Shipment status'!$A:$A,'Flat knit'!$B39,'Shipment status'!$H:$H,V$3,'Shipment status'!$K:$K,'Flat knit'!$C39) | W39: =SUMIFS('Shipment status'!$L:$L,'Shipment status'!$A:$A,'Flat knit'!$B39,'Shipment status'!$H:$H,W$3,'Shipment status'!$K:$K,'Flat knit'!$C39) | X39: =SUMIFS('Shipment status'!$L:$L,'Shipment status'!$A:$A,'Flat knit'!$B39,'Shipment status'!$H:$H,X$3,'Shipment status'!$K:$K,'Flat knit'!$C39) | Y39: =SUMIFS('Shipment status'!$L:$L,'Shipment status'!$A:$A,'Flat knit'!$B39,'Shipment status'!$H:$H,Y$3,'Shipment status'!$K:$K,'Flat knit'!$C39) | Z39: =SUMIFS('Shipment status'!$L:$L,'Shipment status'!$A:$A,'Flat knit'!$B39,'Shipment status'!$H:$H,Z$3,'Shipment status'!$K:$K,'Flat knit'!$C39) | AA39: =SUMIFS('Shipment status'!$L:$L,'Shipment status'!$A:$A,'Flat knit'!$B39,'Shipment status'!$H:$H,AA$3,'Shipment status'!$K:$K,'Flat knit'!$C39) | ... AK39: =SUMIFS('Shipment status'!$L:$L,'Shipment status'!$A:$A,'Flat knit'!$B39,'Shipment status'!$H:$H,AK$3,'Shipment status'!$K:$K,'Flat knit'!$C39)
A40: Troposphere | B40: 29 | C40: XXXL | D40: 2 | E40: 2 | F40: 200 | G40: 2.2 | I40: =MAX(SUMIFS('Shipment status'!$L:$L,'Shipment status'!$A:$A,TRIM(CLEAN(SUBSTITUTE(VLOOKUP($B40&I$3,'PPO-GO'!$A:$AA,12,0)," ",""))),'Shipment status'!$H:$H,I$3,'Shipment status'!$K:$K,'Flat knit'!$C40),SUMIFS('Shipment status'!$L:$L,'Shipment status'!$A:$A,'Flat knit'!$B40,'Shipment status'!$H:$H,I$3,'Shipment status'!$K:$K,'Flat knit'!$C40)) | J40: =IFERROR(I40/$F40,"-") | L40: =MAX(SUMIFS('Shipment status'!$L:$L,'Shipment status'!$A:$A,TRIM(CLEAN(SUBSTITUTE(VLOOKUP($B40&L$3,'PPO-GO'!$A:$AA,12,0)," ",""))),'Shipment status'!$H:$H,L$3,'Shipment status'!$K:$K,'Flat knit'!$C40),SUMIFS('Shipment status'!$L:$L,'Shipment status'!$A:$A,'Flat knit'!$B40,'Shipment status'!$H:$H,L$3,'Shipment status'!$K:$K,'Flat knit'!$C40)) | M40: =IFERROR(IF(L40>I40*1.5,0.5,1)*L40/$F40,"-") | O40: =MAX(SUMIFS('Shipment status'!$L:$L,'Shipment status'!$A:$A,TRIM(CLEAN(SUBSTITUTE(VLOOKUP($B40,'PPO-GO'!$D:$L,9,0)," ",""))),'Shipment status'!$H:$H,O$3,'Shipment status'!$K:$K,'Flat knit'!$C40),SUMIFS('Shipment status'!$L:$L,'Shipment status'!$A:$A,'Flat knit'!$B40,'Shipment status'!$H:$H,O$3,'Shipment status'!$K:$K,'Flat knit'!$C40)) | P40: =IFERROR(O40/$F40,"-") | R40: =MAX(SUMIFS('Shipment status'!$L:$L,'Shipment status'!$A:$A,TRIM(CLEAN(SUBSTITUTE(VLOOKUP($B40,'PPO-GO'!$D:$L,9,0)," ",""))),'Shipment status'!$H:$H,R$3,'Shipment status'!$K:$K,'Flat knit'!$C40),SUMIFS('Shipment status'!$L:$L,'Shipment status'!$A:$A,'Flat knit'!$B40,'Shipment status'!$H:$H,R$3,'Shipment status'!$K:$K,'Flat knit'!$C40)) | S40: =IFERROR(R40/$F40,"-") | T40: =SUMIFS('Shipment status'!$L:$L,'Shipment status'!$A:$A,'Flat knit'!$B40,'Shipment status'!$H:$H,T$3,'Shipment status'!$K:$K,'Flat knit'!$C40) | U40: =SUMIFS('Shipment status'!$L:$L,'Shipment status'!$A:$A,'Flat knit'!$B40,'Shipment status'!$H:$H,U$3,'Shipment status'!$K:$K,'Flat knit'!$C40) | V40: =SUMIFS('Shipment status'!$L:$L,'Shipment status'!$A:$A,'Flat knit'!$B40,'Shipment status'!$H:$H,V$3,'Shipment status'!$K:$K,'Flat knit'!$C40) | W40: =SUMIFS('Shipment status'!$L:$L,'Shipment status'!$A:$A,'Flat knit'!$B40,'Shipment status'!$H:$H,W$3,'Shipment status'!$K:$K,'Flat knit'!$C40) | X40: =SUMIFS('Shipment status'!$L:$L,'Shipment status'!$A:$A,'Flat knit'!$B40,'Shipment status'!$H:$H,X$3,'Shipment status'!$K:$K,'Flat knit'!$C40) | Y40: =SUMIFS('Shipment status'!$L:$L,'Shipment status'!$A:$A,'Flat knit'!$B40,'Shipment status'!$H:$H,Y$3,'Shipment status'!$K:$K,'Flat knit'!$C40) | Z40: =SUMIFS('Shipment status'!$L:$L,'Shipment status'!$A:$A,'Flat knit'!$B40,'Shipment status'!$H:$H,Z$3,'Shipment status'!$K:$K,'Flat knit'!$C40) | AA40: =SUMIFS('Shipment status'!$L:$L,'Shipment status'!$A:$A,'Flat knit'!$B40,'Shipment status'!$H:$H,AA$3,'Shipment status'!$K:$K,'Flat knit'!$C40) | ... AK40: =SUMIFS('Shipment status'!$L:$L,'Shipment status'!$A:$A,'Flat knit'!$B40,'Shipment status'!$H:$H,AK$3,'Shipment status'!$K:$K,'Flat knit'!$C40)
A41: Troposphere | B41: 29 | C41: 2XL | D41: 2 | E41: 2 | F41: 1194 | G41: 3.26 | I41: =MAX(SUMIFS('Shipment status'!$L:$L,'Shipment status'!$A:$A,TRIM(CLEAN(SUBSTITUTE(VLOOKUP($B41&I$3,'PPO-GO'!$A:$AA,12,0)," ",""))),'Shipment status'!$H:$H,I$3,'Shipment status'!$K:$K,'Flat knit'!$C41),SUMIFS('Shipment status'!$L:$L,'Shipment status'!$A:$A,'Flat knit'!$B41,'Shipment status'!$H:$H,I$3,'Shipment status'!$K:$K,'Flat knit'!$C41)) | J41: =IFERROR(I41/$F41,"-") | L41: =MAX(SUMIFS('Shipment status'!$L:$L,'Shipment status'!$A:$A,TRIM(CLEAN(SUBSTITUTE(VLOOKUP($B41&L$3,'PPO-GO'!$A:$AA,12,0)," ",""))),'Shipment status'!$H:$H,L$3,'Shipment status'!$K:$K,'Flat knit'!$C41),SUMIFS('Shipment status'!$L:$L,'Shipment status'!$A:$A,'Flat knit'!$B41,'Shipment status'!$H:$H,L$3,'Shipment status'!$K:$K,'Flat knit'!$C41)) | M41: =IFERROR(IF(L41>I41*1.5,0.5,1)*L41/$F41,"-") | O41: =MAX(SUMIFS('Shipment status'!$L:$L,'Shipment status'!$A:$A,TRIM(CLEAN(SUBSTITUTE(VLOOKUP($B41,'PPO-GO'!$D:$L,9,0)," ",""))),'Shipment status'!$H:$H,O$3,'Shipment status'!$K:$K,'Flat knit'!$C41),SUMIFS('Shipment status'!$L:$L,'Shipment status'!$A:$A,'Flat knit'!$B41,'Shipment status'!$H:$H,O$3,'Shipment status'!$K:$K,'Flat knit'!$C41)) | P41: =IFERROR(O41/$F41,"-") | R41: =MAX(SUMIFS('Shipment status'!$L:$L,'Shipment status'!$A:$A,TRIM(CLEAN(SUBSTITUTE(VLOOKUP($B41,'PPO-GO'!$D:$L,9,0)," ",""))),'Shipment status'!$H:$H,R$3,'Shipment status'!$K:$K,'Flat knit'!$C41),SUMIFS('Shipment status'!$L:$L,'Shipment status'!$A:$A,'Flat knit'!$B41,'Shipment status'!$H:$H,R$3,'Shipment status'!$K:$K,'Flat knit'!$C41)) | S41: =IFERROR(R41/$F41,"-") | T41: =SUMIFS('Shipment status'!$L:$L,'Shipment status'!$A:$A,'Flat knit'!$B41,'Shipment status'!$H:$H,T$3,'Shipment status'!$K:$K,'Flat knit'!$C41) | U41: =SUMIFS('Shipment status'!$L:$L,'Shipment status'!$A:$A,'Flat knit'!$B41,'Shipment status'!$H:$H,U$3,'Shipment status'!$K:$K,'Flat knit'!$C41) | V41: =SUMIFS('Shipment status'!$L:$L,'Shipment status'!$A:$A,'Flat knit'!$B41,'Shipment status'!$H:$H,V$3,'Shipment status'!$K:$K,'Flat knit'!$C41) | W41: =SUMIFS('Shipment status'!$L:$L,'Shipment status'!$A:$A,'Flat knit'!$B41,'Shipment status'!$H:$H,W$3,'Shipment status'!$K:$K,'Flat knit'!$C41) | X41: =SUMIFS('Shipment status'!$L:$L,'Shipment status'!$A:$A,'Flat knit'!$B41,'Shipment status'!$H:$H,X$3,'Shipment status'!$K:$K,'Flat knit'!$C41) | Y41: =SUMIFS('Shipment status'!$L:$L,'Shipment status'!$A:$A,'Flat knit'!$B41,'Shipment status'!$H:$H,Y$3,'Shipment status'!$K:$K,'Flat knit'!$C41) | Z41: =SUMIFS('Shipment status'!$L:$L,'Shipment status'!$A:$A,'Flat knit'!$B41,'Shipment status'!$H:$H,Z$3,'Shipment status'!$K:$K,'Flat knit'!$C41) | AA41: =SUMIFS('Shipment status'!$L:$L,'Shipment status'!$A:$A,'Flat knit'!$B41,'Shipment status'!$H:$H,AA$3,'Shipment status'!$K:$K,'Flat knit'!$C41) | ... AK41: =SUMIFS('Shipment status'!$L:$L,'Shipment status'!$A:$A,'Flat knit'!$B41,'Shipment status'!$H:$H,AK$3,'Shipment status'!$K:$K,'Flat knit'!$C41)
A42: Troposphere | B42: 29 | C42: XS | D42: 2 | E42: 2 | F42: 210 | I42: =MAX(SUMIFS('Shipment status'!$L:$L,'Shipment status'!$A:$A,TRIM(CLEAN(SUBSTITUTE(VLOOKUP($B42&I$3,'PPO-GO'!$A:$AA,12,0)," ",""))),'Shipment status'!$H:$H,I$3,'Shipment status'!$K:$K,'Flat knit'!$C42),SUMIFS('Shipment status'!$L:$L,'Shipment status'!$A:$A,'Flat knit'!$B42,'Shipment status'!$H:$H,I$3,'Shipment status'!$K:$K,'Flat knit'!$C42)) | J42: =IFERROR(I42/$F42,"-") | L42: =MAX(SUMIFS('Shipment status'!$L:$L,'Shipment status'!$A:$A,TRIM(CLEAN(SUBSTITUTE(VLOOKUP($B42&L$3,'PPO-GO'!$A:$AA,12,0)," ",""))),'Shipment status'!$H:$H,L$3,'Shipment status'!$K:$K,'Flat knit'!$C42),SUMIFS('Shipment status'!$L:$L,'Shipment status'!$A:$A,'Flat knit'!$B42,'Shipment status'!$H:$H,L$3,'Shipment status'!$K:$K,'Flat knit'!$C42)) | M42: =IFERROR(IF(L42>I42*1.5,0.5,1)*L42/$F42,"-") | O42: =MAX(SUMIFS('Shipment status'!$L:$L,'Shipment status'!$A:$A,TRIM(CLEAN(SUBSTITUTE(VLOOKUP($B42,'PPO-GO'!$D:$L,9,0)," ",""))),'Shipment status'!$H:$H,O$3,'Shipment status'!$K:$K,'Flat knit'!$C42),SUMIFS('Shipment status'!$L:$L,'Shipment status'!$A:$A,'Flat knit'!$B42,'Shipment status'!$H:$H,O$3,'Shipment status'!$K:$K,'Flat knit'!$C42)) | P42: =IFERROR(O42/$F42,"-") | R42: =MAX(SUMIFS('Shipment status'!$L:$L,'Shipment status'!$A:$A,TRIM(CLEAN(SUBSTITUTE(VLOOKUP($B42,'PPO-GO'!$D:$L,9,0)," ",""))),'Shipment status'!$H:$H,R$3,'Shipment status'!$K:$K,'Flat knit'!$C42),SUMIFS('Shipment status'!$L:$L,'Shipment status'!$A:$A,'Flat knit'!$B42,'Shipment status'!$H:$H,R$3,'Shipment status'!$K:$K,'Flat knit'!$C42)) | S42: =IFERROR(R42/$F42,"-") | T42: =SUMIFS('Shipment status'!$L:$L,'Shipment status'!$A:$A,'Flat knit'!$B42,'Shipment status'!$H:$H,T$3,'Shipment status'!$K:$K,'Flat knit'!$C42) | U42: =SUMIFS('Shipment status'!$L:$L,'Shipment status'!$A:$A,'Flat knit'!$B42,'Shipment status'!$H:$H,U$3,'Shipment status'!$K:$K,'Flat knit'!$C42) | V42: =SUMIFS('Shipment status'!$L:$L,'Shipment status'!$A:$A,'Flat knit'!$B42,'Shipment status'!$H:$H,V$3,'Shipment status'!$K:$K,'Flat knit'!$C42) | W42: =SUMIFS('Shipment status'!$L:$L,'Shipment status'!$A:$A,'Flat knit'!$B42,'Shipment status'!$H:$H,W$3,'Shipment status'!$K:$K,'Flat knit'!$C42) | X42: =SUMIFS('Shipment status'!$L:$L,'Shipment status'!$A:$A,'Flat knit'!$B42,'Shipment status'!$H:$H,X$3,'Shipment status'!$K:$K,'Flat knit'!$C42) | Y42: =SUMIFS('Shipment status'!$L:$L,'Shipment status'!$A:$A,'Flat knit'!$B42,'Shipment status'!$H:$H,Y$3,'Shipment status'!$K:$K,'Flat knit'!$C42) | Z42: =SUMIFS('Shipment status'!$L:$L,'Shipment status'!$A:$A,'Flat knit'!$B42,'Shipment status'!$H:$H,Z$3,'Shipment status'!$K:$K,'Flat knit'!$C42) | AA42: =SUMIFS('Shipment status'!$L:$L,'Shipment status'!$A:$A,'Flat knit'!$B42,'Shipment status'!$H:$H,AA$3,'Shipment status'!$K:$K,'Flat knit'!$C42) | ... AK42: =SUMIFS('Shipment status'!$L:$L,'Shipment status'!$A:$A,'Flat knit'!$B42,'Shipment status'!$H:$H,AK$3,'Shipment status'!$K:$K,'Flat knit'!$C42)
A43: Heather Shale Grey | B43: 12 | C43: XL | D43: 2 | E43: 2 | F43: 1145 | G43: 0.5 | I43: =MAX(SUMIFS('Shipment status'!$L:$L,'Shipment status'!$A:$A,TRIM(CLEAN(SUBSTITUTE(VLOOKUP($B43&I$3,'PPO-GO'!$A:$AA,12,0)," ",""))),'Shipment status'!$H:$H,I$3,'Shipment status'!$K:$K,'Flat knit'!$C43),SUMIFS('Shipment status'!$L:$L,'Shipment status'!$A:$A,'Flat knit'!$B43,'Shipment status'!$H:$H,I$3,'Shipment status'!$K:$K,'Flat knit'!$C43)) | J43: =IFERROR(I43/$F43,"-") | L43: =MAX(SUMIFS('Shipment status'!$L:$L,'Shipment status'!$A:$A,TRIM(CLEAN(SUBSTITUTE(VLOOKUP($B43&L$3,'PPO-GO'!$A:$AA,12,0)," ",""))),'Shipment status'!$H:$H,L$3,'Shipment status'!$K:$K,'Flat knit'!$C43),SUMIFS('Shipment status'!$L:$L,'Shipment status'!$A:$A,'Flat knit'!$B43,'Shipment status'!$H:$H,L$3,'Shipment status'!$K:$K,'Flat knit'!$C43)) | M43: =IFERROR(IF(L43>I43*1.5,0.5,1)*L43/$F43,"-") | O43: =MAX(SUMIFS('Shipment status'!$L:$L,'Shipment status'!$A:$A,TRIM(CLEAN(SUBSTITUTE(VLOOKUP($B43,'PPO-GO'!$D:$L,9,0)," ",""))),'Shipment status'!$H:$H,O$3,'Shipment status'!$K:$K,'Flat knit'!$C43),SUMIFS('Shipment status'!$L:$L,'Shipment status'!$A:$A,'Flat knit'!$B43,'Shipment status'!$H:$H,O$3,'Shipment status'!$K:$K,'Flat knit'!$C43)) | P43: =IFERROR(O43/$F43,"-") | R43: =MAX(SUMIFS('Shipment status'!$L:$L,'Shipment status'!$A:$A,TRIM(CLEAN(SUBSTITUTE(VLOOKUP($B43,'PPO-GO'!$D:$L,9,0)," ",""))),'Shipment status'!$H:$H,R$3,'Shipment status'!$K:$K,'Flat knit'!$C43),SUMIFS('Shipment status'!$L:$L,'Shipment status'!$A:$A,'Flat knit'!$B43,'Shipment status'!$H:$H,R$3,'Shipment status'!$K:$K,'Flat knit'!$C43)) | S43: =IFERROR(R43/$F43,"-") | T43: =SUMIFS('Shipment status'!$L:$L,'Shipment status'!$A:$A,'Flat knit'!$B43,'Shipment status'!$H:$H,T$3,'Shipment status'!$K:$K,'Flat knit'!$C43) | U43: =SUMIFS('Shipment status'!$L:$L,'Shipment status'!$A:$A,'Flat knit'!$B43,'Shipment status'!$H:$H,U$3,'Shipment status'!$K:$K,'Flat knit'!$C43) | V43: =SUMIFS('Shipment status'!$L:$L,'Shipment status'!$A:$A,'Flat knit'!$B43,'Shipment status'!$H:$H,V$3,'Shipment status'!$K:$K,'Flat knit'!$C43) | W43: =SUMIFS('Shipment status'!$L:$L,'Shipment status'!$A:$A,'Flat knit'!$B43,'Shipment status'!$H:$H,W$3,'Shipment status'!$K:$K,'Flat knit'!$C43) | X43: =SUMIFS('Shipment status'!$L:$L,'Shipment status'!$A:$A,'Flat knit'!$B43,'Shipment status'!$H:$H,X$3,'Shipment status'!$K:$K,'Flat knit'!$C43) | Y43: =SUMIFS('Shipment status'!$L:$L,'Shipment status'!$A:$A,'Flat knit'!$B43,'Shipment status'!$H:$H,Y$3,'Shipment status'!$K:$K,'Flat knit'!$C43) | Z43: =SUMIFS('Shipment status'!$L:$L,'Shipment status'!$A:$A,'Flat knit'!$B43,'Shipment status'!$H:$H,Z$3,'Shipment status'!$K:$K,'Flat knit'!$C43) | AA43: =SUMIFS('Shipment status'!$L:$L,'Shipment status'!$A:$A,'Flat knit'!$B43,'Shipment status'!$H:$H,AA$3,'Shipment status'!$K:$K,'Flat knit'!$C43) | ... AK43: =SUMIFS('Shipment status'!$L:$L,'Shipment status'!$A:$A,'Flat knit'!$B43,'Shipment status'!$H:$H,AK$3,'Shipment status'!$K:$K,'Flat knit'!$C43)
A44: Heather Shale Grey | B44: 12 | C44: S | D44: 2 | E44: 2 | F44: 778 | G44: 0.06 | I44: =MAX(SUMIFS('Shipment status'!$L:$L,'Shipment status'!$A:$A,TRIM(CLEAN(SUBSTITUTE(VLOOKUP($B44&I$3,'PPO-GO'!$A:$AA,12,0)," ",""))),'Shipment status'!$H:$H,I$3,'Shipment status'!$K:$K,'Flat knit'!$C44),SUMIFS('Shipment status'!$L:$L,'Shipment status'!$A:$A,'Flat knit'!$B44,'Shipment status'!$H:$H,I$3,'Shipment status'!$K:$K,'Flat knit'!$C44)) | J44: =IFERROR(I44/$F44,"-") | L44: =MAX(SUMIFS('Shipment status'!$L:$L,'Shipment status'!$A:$A,TRIM(CLEAN(SUBSTITUTE(VLOOKUP($B44&L$3,'PPO-GO'!$A:$AA,12,0)," ",""))),'Shipment status'!$H:$H,L$3,'Shipment status'!$K:$K,'Flat knit'!$C44),SUMIFS('Shipment status'!$L:$L,'Shipment status'!$A:$A,'Flat knit'!$B44,'Shipment status'!$H:$H,L$3,'Shipment status'!$K:$K,'Flat knit'!$C44)) | M44: =IFERROR(IF(L44>I44*1.5,0.5,1)*L44/$F44,"-") | O44: =MAX(SUMIFS('Shipment status'!$L:$L,'Shipment status'!$A:$A,TRIM(CLEAN(SUBSTITUTE(VLOOKUP($B44,'PPO-GO'!$D:$L,9,0)," ",""))),'Shipment status'!$H:$H,O$3,'Shipment status'!$K:$K,'Flat knit'!$C44),SUMIFS('Shipment status'!$L:$L,'Shipment status'!$A:$A,'Flat knit'!$B44,'Shipment status'!$H:$H,O$3,'Shipment status'!$K:$K,'Flat knit'!$C44)) | P44: =IFERROR(O44/$F44,"-") | R44: =MAX(SUMIFS('Shipment status'!$L:$L,'Shipment status'!$A:$A,TRIM(CLEAN(SUBSTITUTE(VLOOKUP($B44,'PPO-GO'!$D:$L,9,0)," ",""))),'Shipment status'!$H:$H,R$3,'Shipment status'!$K:$K,'Flat knit'!$C44),SUMIFS('Shipment status'!$L:$L,'Shipment status'!$A:$A,'Flat knit'!$B44,'Shipment status'!$H:$H,R$3,'Shipment status'!$K:$K,'Flat knit'!$C44)) | S44: =IFERROR(R44/$F44,"-") | T44: =SUMIFS('Shipment status'!$L:$L,'Shipment status'!$A:$A,'Flat knit'!$B44,'Shipment status'!$H:$H,T$3,'Shipment status'!$K:$K,'Flat knit'!$C44) | U44: =SUMIFS('Shipment status'!$L:$L,'Shipment status'!$A:$A,'Flat knit'!$B44,'Shipment status'!$H:$H,U$3,'Shipment status'!$K:$K,'Flat knit'!$C44) | V44: =SUMIFS('Shipment status'!$L:$L,'Shipment status'!$A:$A,'Flat knit'!$B44,'Shipment status'!$H:$H,V$3,'Shipment status'!$K:$K,'Flat knit'!$C44) | W44: =SUMIFS('Shipment status'!$L:$L,'Shipment status'!$A:$A,'Flat knit'!$B44,'Shipment status'!$H:$H,W$3,'Shipment status'!$K:$K,'Flat knit'!$C44) | X44: =SUMIFS('Shipment status'!$L:$L,'Shipment status'!$A:$A,'Flat knit'!$B44,'Shipment status'!$H:$H,X$3,'Shipment status'!$K:$K,'Flat knit'!$C44) | Y44: =SUMIFS('Shipment status'!$L:$L,'Shipment status'!$A:$A,'Flat knit'!$B44,'Shipment status'!$H:$H,Y$3,'Shipment status'!$K:$K,'Flat knit'!$C44) | Z44: =SUMIFS('Shipment status'!$L:$L,'Shipment status'!$A:$A,'Flat knit'!$B44,'Shipment status'!$H:$H,Z$3,'Shipment status'!$K:$K,'Flat knit'!$C44) | AA44: =SUMIFS('Shipment status'!$L:$L,'Shipment status'!$A:$A,'Flat knit'!$B44,'Shipment status'!$H:$H,AA$3,'Shipment status'!$K:$K,'Flat knit'!$C44) | ... AK44: =SUMIFS('Shipment status'!$L:$L,'Shipment status'!$A:$A,'Flat knit'!$B44,'Shipment status'!$H:$H,AK$3,'Shipment status'!$K:$K,'Flat knit'!$C44)
A45: Heather Shale Grey | B45: 12 | C45: M | D45: 2 | E45: 2 | F45: 1372 | G45: 0.32 | I45: =MAX(SUMIFS('Shipment status'!$L:$L,'Shipment status'!$A:$A,TRIM(CLEAN(SUBSTITUTE(VLOOKUP($B45&I$3,'PPO-GO'!$A:$AA,12,0)," ",""))),'Shipment status'!$H:$H,I$3,'Shipment status'!$K:$K,'Flat knit'!$C45),SUMIFS('Shipment status'!$L:$L,'Shipment status'!$A:$A,'Flat knit'!$B45,'Shipment status'!$H:$H,I$3,'Shipment status'!$K:$K,'Flat knit'!$C45)) | J45: =IFERROR(I45/$F45,"-") | L45: =MAX(SUMIFS('Shipment status'!$L:$L,'Shipment status'!$A:$A,TRIM(CLEAN(SUBSTITUTE(VLOOKUP($B45&L$3,'PPO-GO'!$A:$AA,12,0)," ",""))),'Shipment status'!$H:$H,L$3,'Shipment status'!$K:$K,'Flat knit'!$C45),SUMIFS('Shipment status'!$L:$L,'Shipment status'!$A:$A,'Flat knit'!$B45,'Shipment status'!$H:$H,L$3,'Shipment status'!$K:$K,'Flat knit'!$C45)) | M45: =IFERROR(IF(L45>I45*1.5,0.5,1)*L45/$F45,"-") | O45: =MAX(SUMIFS('Shipment status'!$L:$L,'Shipment status'!$A:$A,TRIM(CLEAN(SUBSTITUTE(VLOOKUP($B45,'PPO-GO'!$D:$L,9,0)," ",""))),'Shipment status'!$H:$H,O$3,'Shipment status'!$K:$K,'Flat knit'!$C45),SUMIFS('Shipment status'!$L:$L,'Shipment status'!$A:$A,'Flat knit'!$B45,'Shipment status'!$H:$H,O$3,'Shipment status'!$K:$K,'Flat knit'!$C45)) | P45: =IFERROR(O45/$F45,"-") | R45: =MAX(SUMIFS('Shipment status'!$L:$L,'Shipment status'!$A:$A,TRIM(CLEAN(SUBSTITUTE(VLOOKUP($B45,'PPO-GO'!$D:$L,9,0)," ",""))),'Shipment status'!$H:$H,R$3,'Shipment status'!$K:$K,'Flat knit'!$C45),SUMIFS('Shipment status'!$L:$L,'Shipment status'!$A:$A,'Flat knit'!$B45,'Shipment status'!$H:$H,R$3,'Shipment status'!$K:$K,'Flat knit'!$C45)) | S45: =IFERROR(R45/$F45,"-") | T45: =SUMIFS('Shipment status'!$L:$L,'Shipment status'!$A:$A,'Flat knit'!$B45,'Shipment status'!$H:$H,T$3,'Shipment status'!$K:$K,'Flat knit'!$C45) | U45: =SUMIFS('Shipment status'!$L:$L,'Shipment status'!$A:$A,'Flat knit'!$B45,'Shipment status'!$H:$H,U$3,'Shipment status'!$K:$K,'Flat knit'!$C45) | V45: =SUMIFS('Shipment status'!$L:$L,'Shipment status'!$A:$A,'Flat knit'!$B45,'Shipment status'!$H:$H,V$3,'Shipment status'!$K:$K,'Flat knit'!$C45) | W45: =SUMIFS('Shipment status'!$L:$L,'Shipment status'!$A:$A,'Flat knit'!$B45,'Shipment status'!$H:$H,W$3,'Shipment status'!$K:$K,'Flat knit'!$C45) | X45: =SUMIFS('Shipment status'!$L:$L,'Shipment status'!$A:$A,'Flat knit'!$B45,'Shipment status'!$H:$H,X$3,'Shipment status'!$K:$K,'Flat knit'!$C45) | Y45: =SUMIFS('Shipment status'!$L:$L,'Shipment status'!$A:$A,'Flat knit'!$B45,'Shipment status'!$H:$H,Y$3,'Shipment status'!$K:$K,'Flat knit'!$C45) | Z45: =SUMIFS('Shipment status'!$L:$L,'Shipment status'!$A:$A,'Flat knit'!$B45,'Shipment status'!$H:$H,Z$3,'Shipment status'!$K:$K,'Flat knit'!$C45) | AA45: =SUMIFS('Shipment status'!$L:$L,'Shipment status'!$A:$A,'Flat knit'!$B45,'Shipment status'!$H:$H,AA$3,'Shipment status'!$K:$K,'Flat knit'!$C45) | ... AK45: =SUMIFS('Shipment status'!$L:$L,'Shipment status'!$A:$A,'Flat knit'!$B45,'Shipment status'!$H:$H,AK$3,'Shipment status'!$K:$K,'Flat knit'!$C45)
A46: Heather Shale Grey | B46: 12 | C46: L | D46: 2 | E46: 2 | F46: 1555 | G46: 0.52 | I46: =MAX(SUMIFS('Shipment status'!$L:$L,'Shipment status'!$A:$A,TRIM(CLEAN(SUBSTITUTE(VLOOKUP($B46&I$3,'PPO-GO'!$A:$AA,12,0)," ",""))),'Shipment status'!$H:$H,I$3,'Shipment status'!$K:$K,'Flat knit'!$C46),SUMIFS('Shipment status'!$L:$L,'Shipment status'!$A:$A,'Flat knit'!$B46,'Shipment status'!$H:$H,I$3,'Shipment status'!$K:$K,'Flat knit'!$C46)) | J46: =IFERROR(I46/$F46,"-") | L46: =MAX(SUMIFS('Shipment status'!$L:$L,'Shipment status'!$A:$A,TRIM(CLEAN(SUBSTITUTE(VLOOKUP($B46&L$3,'PPO-GO'!$A:$AA,12,0)," ",""))),'Shipment status'!$H:$H,L$3,'Shipment status'!$K:$K,'Flat knit'!$C46),SUMIFS('Shipment status'!$L:$L,'Shipment status'!$A:$A,'Flat knit'!$B46,'Shipment status'!$H:$H,L$3,'Shipment status'!$K:$K,'Flat knit'!$C46)) | M46: =IFERROR(IF(L46>I46*1.5,0.5,1)*L46/$F46,"-") | O46: =MAX(SUMIFS('Shipment status'!$L:$L,'Shipment status'!$A:$A,TRIM(CLEAN(SUBSTITUTE(VLOOKUP($B46,'PPO-GO'!$D:$L,9,0)," ",""))),'Shipment status'!$H:$H,O$3,'Shipment status'!$K:$K,'Flat knit'!$C46),SUMIFS('Shipment status'!$L:$L,'Shipment status'!$A:$A,'Flat knit'!$B46,'Shipment status'!$H:$H,O$3,'Shipment status'!$K:$K,'Flat knit'!$C46)) | P46: =IFERROR(O46/$F46,"-") | R46: =MAX(SUMIFS('Shipment status'!$L:$L,'Shipment status'!$A:$A,TRIM(CLEAN(SUBSTITUTE(VLOOKUP($B46,'PPO-GO'!$D:$L,9,0)," ",""))),'Shipment status'!$H:$H,R$3,'Shipment status'!$K:$K,'Flat knit'!$C46),SUMIFS('Shipment status'!$L:$L,'Shipment status'!$A:$A,'Flat knit'!$B46,'Shipment status'!$H:$H,R$3,'Shipment status'!$K:$K,'Flat knit'!$C46)) | S46: =IFERROR(R46/$F46,"-") | T46: =SUMIFS('Shipment status'!$L:$L,'Shipment status'!$A:$A,'Flat knit'!$B46,'Shipment status'!$H:$H,T$3,'Shipment status'!$K:$K,'Flat knit'!$C46) | U46: =SUMIFS('Shipment status'!$L:$L,'Shipment status'!$A:$A,'Flat knit'!$B46,'Shipment status'!$H:$H,U$3,'Shipment status'!$K:$K,'Flat knit'!$C46) | V46: =SUMIFS('Shipment status'!$L:$L,'Shipment status'!$A:$A,'Flat knit'!$B46,'Shipment status'!$H:$H,V$3,'Shipment status'!$K:$K,'Flat knit'!$C46) | W46: =SUMIFS('Shipment status'!$L:$L,'Shipment status'!$A:$A,'Flat knit'!$B46,'Shipment status'!$H:$H,W$3,'Shipment status'!$K:$K,'Flat knit'!$C46) | X46: =SUMIFS('Shipment status'!$L:$L,'Shipment status'!$A:$A,'Flat knit'!$B46,'Shipment status'!$H:$H,X$3,'Shipment status'!$K:$K,'Flat knit'!$C46) | Y46: =SUMIFS('Shipment status'!$L:$L,'Shipment status'!$A:$A,'Flat knit'!$B46,'Shipment status'!$H:$H,Y$3,'Shipment status'!$K:$K,'Flat knit'!$C46) | Z46: =SUMIFS('Shipment status'!$L:$L,'Shipment status'!$A:$A,'Flat knit'!$B46,'Shipment status'!$H:$H,Z$3,'Shipment status'!$K:$K,'Flat knit'!$C46) | AA46: =SUMIFS('Shipment status'!$L:$L,'Shipment status'!$A:$A,'Flat knit'!$B46,'Shipment status'!$H:$H,AA$3,'Shipment status'!$K:$K,'Flat knit'!$C46) | ... AK46: =SUMIFS('Shipment status'!$L:$L,'Shipment status'!$A:$A,'Flat knit'!$B46,'Shipment status'!$H:$H,AK$3,'Shipment status'!$K:$K,'Flat knit'!$C46)
A47: Heather Shale Grey | B47: 12 | C47: XXXL | D47: 2 | E47: 2 | F47: 82 | G47: 0.44 | I47: =MAX(SUMIFS('Shipment status'!$L:$L,'Shipment status'!$A:$A,TRIM(CLEAN(SUBSTITUTE(VLOOKUP($B47&I$3,'PPO-GO'!$A:$AA,12,0)," ",""))),'Shipment status'!$H:$H,I$3,'Shipment status'!$K:$K,'Flat knit'!$C47),SUMIFS('Shipment status'!$L:$L,'Shipment status'!$A:$A,'Flat knit'!$B47,'Shipment status'!$H:$H,I$3,'Shipment status'!$K:$K,'Flat knit'!$C47)) | J47: =IFERROR(I47/$F47,"-") | L47: =MAX(SUMIFS('Shipment status'!$L:$L,'Shipment status'!$A:$A,TRIM(CLEAN(SUBSTITUTE(VLOOKUP($B47&L$3,'PPO-GO'!$A:$AA,12,0)," ",""))),'Shipment status'!$H:$H,L$3,'Shipment status'!$K:$K,'Flat knit'!$C47),SUMIFS('Shipment status'!$L:$L,'Shipment status'!$A:$A,'Flat knit'!$B47,'Shipment status'!$H:$H,L$3,'Shipment status'!$K:$K,'Flat knit'!$C47)) | M47: =IFERROR(IF(L47>I47*1.5,0.5,1)*L47/$F47,"-") | O47: =MAX(SUMIFS('Shipment status'!$L:$L,'Shipment status'!$A:$A,TRIM(CLEAN(SUBSTITUTE(VLOOKUP($B47,'PPO-GO'!$D:$L,9,0)," ",""))),'Shipment status'!$H:$H,O$3,'Shipment status'!$K:$K,'Flat knit'!$C47),SUMIFS('Shipment status'!$L:$L,'Shipment status'!$A:$A,'Flat knit'!$B47,'Shipment status'!$H:$H,O$3,'Shipment status'!$K:$K,'Flat knit'!$C47)) | P47: =IFERROR(O47/$F47,"-") | R47: =MAX(SUMIFS('Shipment status'!$L:$L,'Shipment status'!$A:$A,TRIM(CLEAN(SUBSTITUTE(VLOOKUP($B47,'PPO-GO'!$D:$L,9,0)," ",""))),'Shipment status'!$H:$H,R$3,'Shipment status'!$K:$K,'Flat knit'!$C47),SUMIFS('Shipment status'!$L:$L,'Shipment status'!$A:$A,'Flat knit'!$B47,'Shipment status'!$H:$H,R$3,'Shipment status'!$K:$K,'Flat knit'!$C47)) | S47: =IFERROR(R47/$F47,"-") | T47: =SUMIFS('Shipment status'!$L:$L,'Shipment status'!$A:$A,'Flat knit'!$B47,'Shipment status'!$H:$H,T$3,'Shipment status'!$K:$K,'Flat knit'!$C47) | U47: =SUMIFS('Shipment status'!$L:$L,'Shipment status'!$A:$A,'Flat knit'!$B47,'Shipment status'!$H:$H,U$3,'Shipment status'!$K:$K,'Flat knit'!$C47) | V47: =SUMIFS('Shipment status'!$L:$L,'Shipment status'!$A:$A,'Flat knit'!$B47,'Shipment status'!$H:$H,V$3,'Shipment status'!$K:$K,'Flat knit'!$C47) | W47: =SUMIFS('Shipment status'!$L:$L,'Shipment status'!$A:$A,'Flat knit'!$B47,'Shipment status'!$H:$H,W$3,'Shipment status'!$K:$K,'Flat knit'!$C47) | X47: =SUMIFS('Shipment status'!$L:$L,'Shipment status'!$A:$A,'Flat knit'!$B47,'Shipment status'!$H:$H,X$3,'Shipment status'!$K:$K,'Flat knit'!$C47) | Y47: =SUMIFS('Shipment status'!$L:$L,'Shipment status'!$A:$A,'Flat knit'!$B47,'Shipment status'!$H:$H,Y$3,'Shipment status'!$K:$K,'Flat knit'!$C47) | Z47: =SUMIFS('Shipment status'!$L:$L,'Shipment status'!$A:$A,'Flat knit'!$B47,'Shipment status'!$H:$H,Z$3,'Shipment status'!$K:$K,'Flat knit'!$C47) | AA47: =SUMIFS('Shipment status'!$L:$L,'Shipment status'!$A:$A,'Flat knit'!$B47,'Shipment status'!$H:$H,AA$3,'Shipment status'!$K:$K,'Flat knit'!$C47) | ... AK47: =SUMIFS('Shipment status'!$L:$L,'Shipment status'!$A:$A,'Flat knit'!$B47,'Shipment status'!$H:$H,AK$3,'Shipment status'!$K:$K,'Flat knit'!$C47)
A48: Heather Shale Grey | B48: 12 | C48: 2XL | D48: 2 | E48: 2 | F48: 725 | G48: 0.4 | I48: =MAX(SUMIFS('Shipment status'!$L:$L,'Shipment status'!$A:$A,TRIM(CLEAN(SUBSTITUTE(VLOOKUP($B48&I$3,'PPO-GO'!$A:$AA,12,0)," ",""))),'Shipment status'!$H:$H,I$3,'Shipment status'!$K:$K,'Flat knit'!$C48),SUMIFS('Shipment status'!$L:$L,'Shipment status'!$A:$A,'Flat knit'!$B48,'Shipment status'!$H:$H,I$3,'Shipment status'!$K:$K,'Flat knit'!$C48)) | J48: =IFERROR(I48/$F48,"-") | L48: =MAX(SUMIFS('Shipment status'!$L:$L,'Shipment status'!$A:$A,TRIM(CLEAN(SUBSTITUTE(VLOOKUP($B48&L$3,'PPO-GO'!$A:$AA,12,0)," ",""))),'Shipment status'!$H:$H,L$3,'Shipment status'!$K:$K,'Flat knit'!$C48),SUMIFS('Shipment status'!$L:$L,'Shipment status'!$A:$A,'Flat knit'!$B48,'Shipment status'!$H:$H,L$3,'Shipment status'!$K:$K,'Flat knit'!$C48)) | M48: =IFERROR(IF(L48>I48*1.5,0.5,1)*L48/$F48,"-") | O48: =MAX(SUMIFS('Shipment status'!$L:$L,'Shipment status'!$A:$A,TRIM(CLEAN(SUBSTITUTE(VLOOKUP($B48,'PPO-GO'!$D:$L,9,0)," ",""))),'Shipment status'!$H:$H,O$3,'Shipment status'!$K:$K,'Flat knit'!$C48),SUMIFS('Shipment status'!$L:$L,'Shipment status'!$A:$A,'Flat knit'!$B48,'Shipment status'!$H:$H,O$3,'Shipment status'!$K:$K,'Flat knit'!$C48)) | P48: =IFERROR(O48/$F48,"-") | R48: =MAX(SUMIFS('Shipment status'!$L:$L,'Shipment status'!$A:$A,TRIM(CLEAN(SUBSTITUTE(VLOOKUP($B48,'PPO-GO'!$D:$L,9,0)," ",""))),'Shipment status'!$H:$H,R$3,'Shipment status'!$K:$K,'Flat knit'!$C48),SUMIFS('Shipment status'!$L:$L,'Shipment status'!$A:$A,'Flat knit'!$B48,'Shipment status'!$H:$H,R$3,'Shipment status'!$K:$K,'Flat knit'!$C48)) | S48: =IFERROR(R48/$F48,"-") | T48: =SUMIFS('Shipment status'!$L:$L,'Shipment status'!$A:$A,'Flat knit'!$B48,'Shipment status'!$H:$H,T$3,'Shipment status'!$K:$K,'Flat knit'!$C48) | U48: =SUMIFS('Shipment status'!$L:$L,'Shipment status'!$A:$A,'Flat knit'!$B48,'Shipment status'!$H:$H,U$3,'Shipment status'!$K:$K,'Flat knit'!$C48) | V48: =SUMIFS('Shipment status'!$L:$L,'Shipment status'!$A:$A,'Flat knit'!$B48,'Shipment status'!$H:$H,V$3,'Shipment status'!$K:$K,'Flat knit'!$C48) | W48: =SUMIFS('Shipment status'!$L:$L,'Shipment status'!$A:$A,'Flat knit'!$B48,'Shipment status'!$H:$H,W$3,'Shipment status'!$K:$K,'Flat knit'!$C48) | X48: =SUMIFS('Shipment status'!$L:$L,'Shipment status'!$A:$A,'Flat knit'!$B48,'Shipment status'!$H:$H,X$3,'Shipment status'!$K:$K,'Flat knit'!$C48) | Y48: =SUMIFS('Shipment status'!$L:$L,'Shipment status'!$A:$A,'Flat knit'!$B48,'Shipment status'!$H:$H,Y$3,'Shipment status'!$K:$K,'Flat knit'!$C48) | Z48: =SUMIFS('Shipment status'!$L:$L,'Shipment status'!$A:$A,'Flat knit'!$B48,'Shipment status'!$H:$H,Z$3,'Shipment status'!$K:$K,'Flat knit'!$C48) | AA48: =SUMIFS('Shipment status'!$L:$L,'Shipment status'!$A:$A,'Flat knit'!$B48,'Shipment status'!$H:$H,AA$3,'Shipment status'!$K:$K,'Flat knit'!$C48) | ... AK48: =SUMIFS('Shipment status'!$L:$L,'Shipment status'!$A:$A,'Flat knit'!$B48,'Shipment status'!$H:$H,AK$3,'Shipment status'!$K:$K,'Flat knit'!$C48)
A49: Heather Shale Grey | B49: 12 | C49: XS | D49: 2 | E49: 2 | F49: 140 | I49: =MAX(SUMIFS('Shipment status'!$L:$L,'Shipment status'!$A:$A,TRIM(CLEAN(SUBSTITUTE(VLOOKUP($B49&I$3,'PPO-GO'!$A:$AA,12,0)," ",""))),'Shipment status'!$H:$H,I$3,'Shipment status'!$K:$K,'Flat knit'!$C49),SUMIFS('Shipment status'!$L:$L,'Shipment status'!$A:$A,'Flat knit'!$B49,'Shipment status'!$H:$H,I$3,'Shipment status'!$K:$K,'Flat knit'!$C49)) | J49: =IFERROR(I49/$F49,"-") | L49: =MAX(SUMIFS('Shipment status'!$L:$L,'Shipment status'!$A:$A,TRIM(CLEAN(SUBSTITUTE(VLOOKUP($B49&L$3,'PPO-GO'!$A:$AA,12,0)," ",""))),'Shipment status'!$H:$H,L$3,'Shipment status'!$K:$K,'Flat knit'!$C49),SUMIFS('Shipment status'!$L:$L,'Shipment status'!$A:$A,'Flat knit'!$B49,'Shipment status'!$H:$H,L$3,'Shipment status'!$K:$K,'Flat knit'!$C49)) | M49: =IFERROR(IF(L49>I49*1.5,0.5,1)*L49/$F49,"-") | O49: =MAX(SUMIFS('Shipment status'!$L:$L,'Shipment status'!$A:$A,TRIM(CLEAN(SUBSTITUTE(VLOOKUP($B49,'PPO-GO'!$D:$L,9,0)," ",""))),'Shipment status'!$H:$H,O$3,'Shipment status'!$K:$K,'Flat knit'!$C49),SUMIFS('Shipment status'!$L:$L,'Shipment status'!$A:$A,'Flat knit'!$B49,'Shipment status'!$H:$H,O$3,'Shipment status'!$K:$K,'Flat knit'!$C49)) | P49: =IFERROR(O49/$F49,"-") | R49: =MAX(SUMIFS('Shipment status'!$L:$L,'Shipment status'!$A:$A,TRIM(CLEAN(SUBSTITUTE(VLOOKUP($B49,'PPO-GO'!$D:$L,9,0)," ",""))),'Shipment status'!$H:$H,R$3,'Shipment status'!$K:$K,'Flat knit'!$C49),SUMIFS('Shipment status'!$L:$L,'Shipment status'!$A:$A,'Flat knit'!$B49,'Shipment status'!$H:$H,R$3,'Shipment status'!$K:$K,'Flat knit'!$C49)) | S49: =IFERROR(R49/$F49,"-") | T49: =SUMIFS('Shipment status'!$L:$L,'Shipment status'!$A:$A,'Flat knit'!$B49,'Shipment status'!$H:$H,T$3,'Shipment status'!$K:$K,'Flat knit'!$C49) | U49: =SUMIFS('Shipment status'!$L:$L,'Shipment status'!$A:$A,'Flat knit'!$B49,'Shipment status'!$H:$H,U$3,'Shipment status'!$K:$K,'Flat knit'!$C49) | V49: =SUMIFS('Shipment status'!$L:$L,'Shipment status'!$A:$A,'Flat knit'!$B49,'Shipment status'!$H:$H,V$3,'Shipment status'!$K:$K,'Flat knit'!$C49) | W49: =SUMIFS('Shipment status'!$L:$L,'Shipment status'!$A:$A,'Flat knit'!$B49,'Shipment status'!$H:$H,W$3,'Shipment status'!$K:$K,'Flat knit'!$C49) | X49: =SUMIFS('Shipment status'!$L:$L,'Shipment status'!$A:$A,'Flat knit'!$B49,'Shipment status'!$H:$H,X$3,'Shipment status'!$K:$K,'Flat knit'!$C49) | Y49: =SUMIFS('Shipment status'!$L:$L,'Shipment status'!$A:$A,'Flat knit'!$B49,'Shipment status'!$H:$H,Y$3,'Shipment status'!$K:$K,'Flat knit'!$C49) | Z49: =SUMIFS('Shipment status'!$L:$L,'Shipment status'!$A:$A,'Flat knit'!$B49,'Shipment status'!$H:$H,Z$3,'Shipment status'!$K:$K,'Flat knit'!$C49) | AA49: =SUMIFS('Shipment status'!$L:$L,'Shipment status'!$A:$A,'Flat knit'!$B49,'Shipment status'!$H:$H,AA$3,'Shipment status'!$K:$K,'Flat knit'!$C49) | ... AK49: =SUMIFS('Shipment status'!$L:$L,'Shipment status'!$A:$A,'Flat knit'!$B49,'Shipment status'!$H:$H,AK$3,'Shipment status'!$K:$K,'Flat knit'!$C49)
A50: Daffodil | B50: 41 | C50: XL | D50: 2 | E50: 2 | F50: 303 | G50: 0.48 | I50: =MAX(SUMIFS('Shipment status'!$L:$L,'Shipment status'!$A:$A,TRIM(CLEAN(SUBSTITUTE(VLOOKUP($B50&I$3,'PPO-GO'!$A:$AA,12,0)," ",""))),'Shipment status'!$H:$H,I$3,'Shipment status'!$K:$K,'Flat knit'!$C50),SUMIFS('Shipment status'!$L:$L,'Shipment status'!$A:$A,'Flat knit'!$B50,'Shipment status'!$H:$H,I$3,'Shipment status'!$K:$K,'Flat knit'!$C50)) | J50: =IFERROR(I50/$F50,"-") | L50: =MAX(SUMIFS('Shipment status'!$L:$L,'Shipment status'!$A:$A,TRIM(CLEAN(SUBSTITUTE(VLOOKUP($B50&L$3,'PPO-GO'!$A:$AA,12,0)," ",""))),'Shipment status'!$H:$H,L$3,'Shipment status'!$K:$K,'Flat knit'!$C50),SUMIFS('Shipment status'!$L:$L,'Shipment status'!$A:$A,'Flat knit'!$B50,'Shipment status'!$H:$H,L$3,'Shipment status'!$K:$K,'Flat knit'!$C50)) | M50: =IFERROR(IF(L50>I50*1.5,0.5,1)*L50/$F50,"-") | O50: =MAX(SUMIFS('Shipment status'!$L:$L,'Shipment status'!$A:$A,TRIM(CLEAN(SUBSTITUTE(VLOOKUP($B50,'PPO-GO'!$D:$L,9,0)," ",""))),'Shipment status'!$H:$H,O$3,'Shipment status'!$K:$K,'Flat knit'!$C50),SUMIFS('Shipment status'!$L:$L,'Shipment status'!$A:$A,'Flat knit'!$B50,'Shipment status'!$H:$H,O$3,'Shipment status'!$K:$K,'Flat knit'!$C50)) | P50: =IFERROR(O50/$F50,"-") | R50: =MAX(SUMIFS('Shipment status'!$L:$L,'Shipment status'!$A:$A,TRIM(CLEAN(SUBSTITUTE(VLOOKUP($B50,'PPO-GO'!$D:$L,9,0)," ",""))),'Shipment status'!$H:$H,R$3,'Shipment status'!$K:$K,'Flat knit'!$C50),SUMIFS('Shipment status'!$L:$L,'Shipment status'!$A:$A,'Flat knit'!$B50,'Shipment status'!$H:$H,R$3,'Shipment status'!$K:$K,'Flat knit'!$C50)) | S50: =IFERROR(R50/$F50,"-") | T50: =SUMIFS('Shipment status'!$L:$L,'Shipment status'!$A:$A,'Flat knit'!$B50,'Shipment status'!$H:$H,T$3,'Shipment status'!$K:$K,'Flat knit'!$C50) | U50: =SUMIFS('Shipment status'!$L:$L,'Shipment status'!$A:$A,'Flat knit'!$B50,'Shipment status'!$H:$H,U$3,'Shipment status'!$K:$K,'Flat knit'!$C50) | V50: =SUMIFS('Shipment status'!$L:$L,'Shipment status'!$A:$A,'Flat knit'!$B50,'Shipment status'!$H:$H,V$3,'Shipment status'!$K:$K,'Flat knit'!$C50) | W50: =SUMIFS('Shipment status'!$L:$L,'Shipment status'!$A:$A,'Flat knit'!$B50,'Shipment status'!$H:$H,W$3,'Shipment status'!$K:$K,'Flat knit'!$C50) | X50: =SUMIFS('Shipment status'!$L:$L,'Shipment status'!$A:$A,'Flat knit'!$B50,'Shipment status'!$H:$H,X$3,'Shipment status'!$K:$K,'Flat knit'!$C50) | Y50: =SUMIFS('Shipment status'!$L:$L,'Shipment status'!$A:$A,'Flat knit'!$B50,'Shipment status'!$H:$H,Y$3,'Shipment status'!$K:$K,'Flat knit'!$C50) | Z50: =SUMIFS('Shipment status'!$L:$L,'Shipment status'!$A:$A,'Flat knit'!$B50,'Shipment status'!$H:$H,Z$3,'Shipment status'!$K:$K,'Flat knit'!$C50) | AA50: =SUMIFS('Shipment status'!$L:$L,'Shipment status'!$A:$A,'Flat knit'!$B50,'Shipment status'!$H:$H,AA$3,'Shipment status'!$K:$K,'Flat knit'!$C50) | ... AK50: =SUMIFS('Shipment status'!$L:$L,'Shipment status'!$A:$A,'Flat knit'!$B50,'Shipment status'!$H:$H,AK$3,'Shipment status'!$K:$K,'Flat knit'!$C50)
A51: Daffodil | B51: 41 | C51: S | D51: 2 | E51: 2 | F51: 254 | G51: 0.14 | I51: =MAX(SUMIFS('Shipment status'!$L:$L,'Shipment status'!$A:$A,TRIM(CLEAN(SUBSTITUTE(VLOOKUP($B51&I$3,'PPO-GO'!$A:$AA,12,0)," ",""))),'Shipment status'!$H:$H,I$3,'Shipment status'!$K:$K,'Flat knit'!$C51),SUMIFS('Shipment status'!$L:$L,'Shipment status'!$A:$A,'Flat knit'!$B51,'Shipment status'!$H:$H,I$3,'Shipment status'!$K:$K,'Flat knit'!$C51)) | J51: =IFERROR(I51/$F51,"-") | L51: =MAX(SUMIFS('Shipment status'!$L:$L,'Shipment status'!$A:$A,TRIM(CLEAN(SUBSTITUTE(VLOOKUP($B51&L$3,'PPO-GO'!$A:$AA,12,0)," ",""))),'Shipment status'!$H:$H,L$3,'Shipment status'!$K:$K,'Flat knit'!$C51),SUMIFS('Shipment status'!$L:$L,'Shipment status'!$A:$A,'Flat knit'!$B51,'Shipment status'!$H:$H,L$3,'Shipment status'!$K:$K,'Flat knit'!$C51)) | M51: =IFERROR(IF(L51>I51*1.5,0.5,1)*L51/$F51,"-") | O51: =MAX(SUMIFS('Shipment status'!$L:$L,'Shipment status'!$A:$A,TRIM(CLEAN(SUBSTITUTE(VLOOKUP($B51,'PPO-GO'!$D:$L,9,0)," ",""))),'Shipment status'!$H:$H,O$3,'Shipment status'!$K:$K,'Flat knit'!$C51),SUMIFS('Shipment status'!$L:$L,'Shipment status'!$A:$A,'Flat knit'!$B51,'Shipment status'!$H:$H,O$3,'Shipment status'!$K:$K,'Flat knit'!$C51)) | P51: =IFERROR(O51/$F51,"-") | R51: =MAX(SUMIFS('Shipment status'!$L:$L,'Shipment status'!$A:$A,TRIM(CLEAN(SUBSTITUTE(VLOOKUP($B51,'PPO-GO'!$D:$L,9,0)," ",""))),'Shipment status'!$H:$H,R$3,'Shipment status'!$K:$K,'Flat knit'!$C51),SUMIFS('Shipment status'!$L:$L,'Shipment status'!$A:$A,'Flat knit'!$B51,'Shipment status'!$H:$H,R$3,'Shipment status'!$K:$K,'Flat knit'!$C51)) | S51: =IFERROR(R51/$F51,"-") | T51: =SUMIFS('Shipment status'!$L:$L,'Shipment status'!$A:$A,'Flat knit'!$B51,'Shipment status'!$H:$H,T$3,'Shipment status'!$K:$K,'Flat knit'!$C51) | U51: =SUMIFS('Shipment status'!$L:$L,'Shipment status'!$A:$A,'Flat knit'!$B51,'Shipment status'!$H:$H,U$3,'Shipment status'!$K:$K,'Flat knit'!$C51) | V51: =SUMIFS('Shipment status'!$L:$L,'Shipment status'!$A:$A,'Flat knit'!$B51,'Shipment status'!$H:$H,V$3,'Shipment status'!$K:$K,'Flat knit'!$C51) | W51: =SUMIFS('Shipment status'!$L:$L,'Shipment status'!$A:$A,'Flat knit'!$B51,'Shipment status'!$H:$H,W$3,'Shipment status'!$K:$K,'Flat knit'!$C51) | X51: =SUMIFS('Shipment status'!$L:$L,'Shipment status'!$A:$A,'Flat knit'!$B51,'Shipment status'!$H:$H,X$3,'Shipment status'!$K:$K,'Flat knit'!$C51) | Y51: =SUMIFS('Shipment status'!$L:$L,'Shipment status'!$A:$A,'Flat knit'!$B51,'Shipment status'!$H:$H,Y$3,'Shipment status'!$K:$K,'Flat knit'!$C51) | Z51: =SUMIFS('Shipment status'!$L:$L,'Shipment status'!$A:$A,'Flat knit'!$B51,'Shipment status'!$H:$H,Z$3,'Shipment status'!$K:$K,'Flat knit'!$C51) | AA51: =SUMIFS('Shipment status'!$L:$L,'Shipment status'!$A:$A,'Flat knit'!$B51,'Shipment status'!$H:$H,AA$3,'Shipment status'!$K:$K,'Flat knit'!$C51) | ... AK51: =SUMIFS('Shipment status'!$L:$L,'Shipment status'!$A:$A,'Flat knit'!$B51,'Shipment status'!$H:$H,AK$3,'Shipment status'!$K:$K,'Flat knit'!$C51)
A52: Daffodil | B52: 41 | C52: M | D52: 2 | E52: 2 | F52: 414 | G52: 0.52 | I52: =MAX(SUMIFS('Shipment status'!$L:$L,'Shipment status'!$A:$A,TRIM(CLEAN(SUBSTITUTE(VLOOKUP($B52&I$3,'PPO-GO'!$A:$AA,12,0)," ",""))),'Shipment status'!$H:$H,I$3,'Shipment status'!$K:$K,'Flat knit'!$C52),SUMIFS('Shipment status'!$L:$L,'Shipment status'!$A:$A,'Flat knit'!$B52,'Shipment status'!$H:$H,I$3,'Shipment status'!$K:$K,'Flat knit'!$C52)) | J52: =IFERROR(I52/$F52,"-") | L52: =MAX(SUMIFS('Shipment status'!$L:$L,'Shipment status'!$A:$A,TRIM(CLEAN(SUBSTITUTE(VLOOKUP($B52&L$3,'PPO-GO'!$A:$AA,12,0)," ",""))),'Shipment status'!$H:$H,L$3,'Shipment status'!$K:$K,'Flat knit'!$C52),SUMIFS('Shipment status'!$L:$L,'Shipment status'!$A:$A,'Flat knit'!$B52,'Shipment status'!$H:$H,L$3,'Shipment status'!$K:$K,'Flat knit'!$C52)) | M52: =IFERROR(IF(L52>I52*1.5,0.5,1)*L52/$F52,"-") | O52: =MAX(SUMIFS('Shipment status'!$L:$L,'Shipment status'!$A:$A,TRIM(CLEAN(SUBSTITUTE(VLOOKUP($B52,'PPO-GO'!$D:$L,9,0)," ",""))),'Shipment status'!$H:$H,O$3,'Shipment status'!$K:$K,'Flat knit'!$C52),SUMIFS('Shipment status'!$L:$L,'Shipment status'!$A:$A,'Flat knit'!$B52,'Shipment status'!$H:$H,O$3,'Shipment status'!$K:$K,'Flat knit'!$C52)) | P52: =IFERROR(O52/$F52,"-") | R52: =MAX(SUMIFS('Shipment status'!$L:$L,'Shipment status'!$A:$A,TRIM(CLEAN(SUBSTITUTE(VLOOKUP($B52,'PPO-GO'!$D:$L,9,0)," ",""))),'Shipment status'!$H:$H,R$3,'Shipment status'!$K:$K,'Flat knit'!$C52),SUMIFS('Shipment status'!$L:$L,'Shipment status'!$A:$A,'Flat knit'!$B52,'Shipment status'!$H:$H,R$3,'Shipment status'!$K:$K,'Flat knit'!$C52)) | S52: =IFERROR(R52/$F52,"-") | T52: =SUMIFS('Shipment status'!$L:$L,'Shipment status'!$A:$A,'Flat knit'!$B52,'Shipment status'!$H:$H,T$3,'Shipment status'!$K:$K,'Flat knit'!$C52) | U52: =SUMIFS('Shipment status'!$L:$L,'Shipment status'!$A:$A,'Flat knit'!$B52,'Shipment status'!$H:$H,U$3,'Shipment status'!$K:$K,'Flat knit'!$C52) | V52: =SUMIFS('Shipment status'!$L:$L,'Shipment status'!$A:$A,'Flat knit'!$B52,'Shipment status'!$H:$H,V$3,'Shipment status'!$K:$K,'Flat knit'!$C52) | W52: =SUMIFS('Shipment status'!$L:$L,'Shipment status'!$A:$A,'Flat knit'!$B52,'Shipment status'!$H:$H,W$3,'Shipment status'!$K:$K,'Flat knit'!$C52) | X52: =SUMIFS('Shipment status'!$L:$L,'Shipment status'!$A:$A,'Flat knit'!$B52,'Shipment status'!$H:$H,X$3,'Shipment status'!$K:$K,'Flat knit'!$C52) | Y52: =SUMIFS('Shipment status'!$L:$L,'Shipment status'!$A:$A,'Flat knit'!$B52,'Shipment status'!$H:$H,Y$3,'Shipment status'!$K:$K,'Flat knit'!$C52) | Z52: =SUMIFS('Shipment status'!$L:$L,'Shipment status'!$A:$A,'Flat knit'!$B52,'Shipment status'!$H:$H,Z$3,'Shipment status'!$K:$K,'Flat knit'!$C52) | AA52: =SUMIFS('Shipment status'!$L:$L,'Shipment status'!$A:$A,'Flat knit'!$B52,'Shipment status'!$H:$H,AA$3,'Shipment status'!$K:$K,'Flat knit'!$C52) | ... AK52: =SUMIFS('Shipment status'!$L:$L,'Shipment status'!$A:$A,'Flat knit'!$B52,'Shipment status'!$H:$H,AK$3,'Shipment status'!$K:$K,'Flat knit'!$C52)
A53: Daffodil | B53: 41 | C53: L | D53: 2 | E53: 2 | F53: 423 | G53: 0.58 | I53: =MAX(SUMIFS('Shipment status'!$L:$L,'Shipment status'!$A:$A,TRIM(CLEAN(SUBSTITUTE(VLOOKUP($B53&I$3,'PPO-GO'!$A:$AA,12,0)," ",""))),'Shipment status'!$H:$H,I$3,'Shipment status'!$K:$K,'Flat knit'!$C53),SUMIFS('Shipment status'!$L:$L,'Shipment status'!$A:$A,'Flat knit'!$B53,'Shipment status'!$H:$H,I$3,'Shipment status'!$K:$K,'Flat knit'!$C53)) | J53: =IFERROR(I53/$F53,"-") | L53: =MAX(SUMIFS('Shipment status'!$L:$L,'Shipment status'!$A:$A,TRIM(CLEAN(SUBSTITUTE(VLOOKUP($B53&L$3,'PPO-GO'!$A:$AA,12,0)," ",""))),'Shipment status'!$H:$H,L$3,'Shipment status'!$K:$K,'Flat knit'!$C53),SUMIFS('Shipment status'!$L:$L,'Shipment status'!$A:$A,'Flat knit'!$B53,'Shipment status'!$H:$H,L$3,'Shipment status'!$K:$K,'Flat knit'!$C53)) | M53: =IFERROR(IF(L53>I53*1.5,0.5,1)*L53/$F53,"-") | O53: =MAX(SUMIFS('Shipment status'!$L:$L,'Shipment status'!$A:$A,TRIM(CLEAN(SUBSTITUTE(VLOOKUP($B53,'PPO-GO'!$D:$L,9,0)," ",""))),'Shipment status'!$H:$H,O$3,'Shipment status'!$K:$K,'Flat knit'!$C53),SUMIFS('Shipment status'!$L:$L,'Shipment status'!$A:$A,'Flat knit'!$B53,'Shipment status'!$H:$H,O$3,'Shipment status'!$K:$K,'Flat knit'!$C53)) | P53: =IFERROR(O53/$F53,"-") | R53: =MAX(SUMIFS('Shipment status'!$L:$L,'Shipment status'!$A:$A,TRIM(CLEAN(SUBSTITUTE(VLOOKUP($B53,'PPO-GO'!$D:$L,9,0)," ",""))),'Shipment status'!$H:$H,R$3,'Shipment status'!$K:$K,'Flat knit'!$C53),SUMIFS('Shipment status'!$L:$L,'Shipment status'!$A:$A,'Flat knit'!$B53,'Shipment status'!$H:$H,R$3,'Shipment status'!$K:$K,'Flat knit'!$C53)) | S53: =IFERROR(R53/$F53,"-") | T53: =SUMIFS('Shipment status'!$L:$L,'Shipment status'!$A:$A,'Flat knit'!$B53,'Shipment status'!$H:$H,T$3,'Shipment status'!$K:$K,'Flat knit'!$C53) | U53: =SUMIFS('Shipment status'!$L:$L,'Shipment status'!$A:$A,'Flat knit'!$B53,'Shipment status'!$H:$H,U$3,'Shipment status'!$K:$K,'Flat knit'!$C53) | V53: =SUMIFS('Shipment status'!$L:$L,'Shipment status'!$A:$A,'Flat knit'!$B53,'Shipment status'!$H:$H,V$3,'Shipment status'!$K:$K,'Flat knit'!$C53) | W53: =SUMIFS('Shipment status'!$L:$L,'Shipment status'!$A:$A,'Flat knit'!$B53,'Shipment status'!$H:$H,W$3,'Shipment status'!$K:$K,'Flat knit'!$C53) | X53: =SUMIFS('Shipment status'!$L:$L,'Shipment status'!$A:$A,'Flat knit'!$B53,'Shipment status'!$H:$H,X$3,'Shipment status'!$K:$K,'Flat knit'!$C53) | Y53: =SUMIFS('Shipment status'!$L:$L,'Shipment status'!$A:$A,'Flat knit'!$B53,'Shipment status'!$H:$H,Y$3,'Shipment status'!$K:$K,'Flat knit'!$C53) | Z53: =SUMIFS('Shipment status'!$L:$L,'Shipment status'!$A:$A,'Flat knit'!$B53,'Shipment status'!$H:$H,Z$3,'Shipment status'!$K:$K,'Flat knit'!$C53) | AA53: =SUMIFS('Shipment status'!$L:$L,'Shipment status'!$A:$A,'Flat knit'!$B53,'Shipment status'!$H:$H,AA$3,'Shipment status'!$K:$K,'Flat knit'!$C53) | ... AK53: =SUMIFS('Shipment status'!$L:$L,'Shipment status'!$A:$A,'Flat knit'!$B53,'Shipment status'!$H:$H,AK$3,'Shipment status'!$K:$K,'Flat knit'!$C53)
A54: Daffodil | B54: 41 | C54: XXXL | D54: 2 | E54: 2 | F54: 9 | G54: 0.18 | I54: =MAX(SUMIFS('Shipment status'!$L:$L,'Shipment status'!$A:$A,TRIM(CLEAN(SUBSTITUTE(VLOOKUP($B54&I$3,'PPO-GO'!$A:$AA,12,0)," ",""))),'Shipment status'!$H:$H,I$3,'Shipment status'!$K:$K,'Flat knit'!$C54),SUMIFS('Shipment status'!$L:$L,'Shipment status'!$A:$A,'Flat knit'!$B54,'Shipment status'!$H:$H,I$3,'Shipment status'!$K:$K,'Flat knit'!$C54)) | J54: =IFERROR(I54/$F54,"-") | L54: =MAX(SUMIFS('Shipment status'!$L:$L,'Shipment status'!$A:$A,TRIM(CLEAN(SUBSTITUTE(VLOOKUP($B54&L$3,'PPO-GO'!$A:$AA,12,0)," ",""))),'Shipment status'!$H:$H,L$3,'Shipment status'!$K:$K,'Flat knit'!$C54),SUMIFS('Shipment status'!$L:$L,'Shipment status'!$A:$A,'Flat knit'!$B54,'Shipment status'!$H:$H,L$3,'Shipment status'!$K:$K,'Flat knit'!$C54)) | M54: =IFERROR(IF(L54>I54*1.5,0.5,1)*L54/$F54,"-") | O54: =MAX(SUMIFS('Shipment status'!$L:$L,'Shipment status'!$A:$A,TRIM(CLEAN(SUBSTITUTE(VLOOKUP($B54,'PPO-GO'!$D:$L,9,0)," ",""))),'Shipment status'!$H:$H,O$3,'Shipment status'!$K:$K,'Flat knit'!$C54),SUMIFS('Shipment status'!$L:$L,'Shipment status'!$A:$A,'Flat knit'!$B54,'Shipment status'!$H:$H,O$3,'Shipment status'!$K:$K,'Flat knit'!$C54)) | P54: =IFERROR(O54/$F54,"-") | R54: =MAX(SUMIFS('Shipment status'!$L:$L,'Shipment status'!$A:$A,TRIM(CLEAN(SUBSTITUTE(VLOOKUP($B54,'PPO-GO'!$D:$L,9,0)," ",""))),'Shipment status'!$H:$H,R$3,'Shipment status'!$K:$K,'Flat knit'!$C54),SUMIFS('Shipment status'!$L:$L,'Shipment status'!$A:$A,'Flat knit'!$B54,'Shipment status'!$H:$H,R$3,'Shipment status'!$K:$K,'Flat knit'!$C54)) | S54: =IFERROR(R54/$F54,"-") | T54: =SUMIFS('Shipment status'!$L:$L,'Shipment status'!$A:$A,'Flat knit'!$B54,'Shipment status'!$H:$H,T$3,'Shipment status'!$K:$K,'Flat knit'!$C54) | U54: =SUMIFS('Shipment status'!$L:$L,'Shipment status'!$A:$A,'Flat knit'!$B54,'Shipment status'!$H:$H,U$3,'Shipment status'!$K:$K,'Flat knit'!$C54) | V54: =SUMIFS('Shipment status'!$L:$L,'Shipment status'!$A:$A,'Flat knit'!$B54,'Shipment status'!$H:$H,V$3,'Shipment status'!$K:$K,'Flat knit'!$C54) | W54: =SUMIFS('Shipment status'!$L:$L,'Shipment status'!$A:$A,'Flat knit'!$B54,'Shipment status'!$H:$H,W$3,'Shipment status'!$K:$K,'Flat knit'!$C54) | X54: =SUMIFS('Shipment status'!$L:$L,'Shipment status'!$A:$A,'Flat knit'!$B54,'Shipment status'!$H:$H,X$3,'Shipment status'!$K:$K,'Flat knit'!$C54) | Y54: =SUMIFS('Shipment status'!$L:$L,'Shipment status'!$A:$A,'Flat knit'!$B54,'Shipment status'!$H:$H,Y$3,'Shipment status'!$K:$K,'Flat knit'!$C54) | Z54: =SUMIFS('Shipment status'!$L:$L,'Shipment status'!$A:$A,'Flat knit'!$B54,'Shipment status'!$H:$H,Z$3,'Shipment status'!$K:$K,'Flat knit'!$C54) | AA54: =SUMIFS('Shipment status'!$L:$L,'Shipment status'!$A:$A,'Flat knit'!$B54,'Shipment status'!$H:$H,AA$3,'Shipment status'!$K:$K,'Flat knit'!$C54) | ... AK54: =SUMIFS('Shipment status'!$L:$L,'Shipment status'!$A:$A,'Flat knit'!$B54,'Shipment status'!$H:$H,AK$3,'Shipment status'!$K:$K,'Flat knit'!$C54)
A55: Daffodil | B55: 41 | C55: 2XL | D55: 2 | E55: 2 | F55: 189 | G55: 0.34 | I55: =MAX(SUMIFS('Shipment status'!$L:$L,'Shipment status'!$A:$A,TRIM(CLEAN(SUBSTITUTE(VLOOKUP($B55&I$3,'PPO-GO'!$A:$AA,12,0)," ",""))),'Shipment status'!$H:$H,I$3,'Shipment status'!$K:$K,'Flat knit'!$C55),SUMIFS('Shipment status'!$L:$L,'Shipment status'!$A:$A,'Flat knit'!$B55,'Shipment status'!$H:$H,I$3,'Shipment status'!$K:$K,'Flat knit'!$C55)) | J55: =IFERROR(I55/$F55,"-") | L55: =MAX(SUMIFS('Shipment status'!$L:$L,'Shipment status'!$A:$A,TRIM(CLEAN(SUBSTITUTE(VLOOKUP($B55&L$3,'PPO-GO'!$A:$AA,12,0)," ",""))),'Shipment status'!$H:$H,L$3,'Shipment status'!$K:$K,'Flat knit'!$C55),SUMIFS('Shipment status'!$L:$L,'Shipment status'!$A:$A,'Flat knit'!$B55,'Shipment status'!$H:$H,L$3,'Shipment status'!$K:$K,'Flat knit'!$C55)) | M55: =IFERROR(IF(L55>I55*1.5,0.5,1)*L55/$F55,"-") | O55: =MAX(SUMIFS('Shipment status'!$L:$L,'Shipment status'!$A:$A,TRIM(CLEAN(SUBSTITUTE(VLOOKUP($B55,'PPO-GO'!$D:$L,9,0)," ",""))),'Shipment status'!$H:$H,O$3,'Shipment status'!$K:$K,'Flat knit'!$C55),SUMIFS('Shipment status'!$L:$L,'Shipment status'!$A:$A,'Flat knit'!$B55,'Shipment status'!$H:$H,O$3,'Shipment status'!$K:$K,'Flat knit'!$C55)) | P55: =IFERROR(O55/$F55,"-") | R55: =MAX(SUMIFS('Shipment status'!$L:$L,'Shipment status'!$A:$A,TRIM(CLEAN(SUBSTITUTE(VLOOKUP($B55,'PPO-GO'!$D:$L,9,0)," ",""))),'Shipment status'!$H:$H,R$3,'Shipment status'!$K:$K,'Flat knit'!$C55),SUMIFS('Shipment status'!$L:$L,'Shipment status'!$A:$A,'Flat knit'!$B55,'Shipment status'!$H:$H,R$3,'Shipment status'!$K:$K,'Flat knit'!$C55)) | S55: =IFERROR(R55/$F55,"-") | T55: =SUMIFS('Shipment status'!$L:$L,'Shipment status'!$A:$A,'Flat knit'!$B55,'Shipment status'!$H:$H,T$3,'Shipment status'!$K:$K,'Flat knit'!$C55) | U55: =SUMIFS('Shipment status'!$L:$L,'Shipment status'!$A:$A,'Flat knit'!$B55,'Shipment status'!$H:$H,U$3,'Shipment status'!$K:$K,'Flat knit'!$C55) | V55: =SUMIFS('Shipment status'!$L:$L,'Shipment status'!$A:$A,'Flat knit'!$B55,'Shipment status'!$H:$H,V$3,'Shipment status'!$K:$K,'Flat knit'!$C55) | W55: =SUMIFS('Shipment status'!$L:$L,'Shipment status'!$A:$A,'Flat knit'!$B55,'Shipment status'!$H:$H,W$3,'Shipment status'!$K:$K,'Flat knit'!$C55) | X55: =SUMIFS('Shipment status'!$L:$L,'Shipment status'!$A:$A,'Flat knit'!$B55,'Shipment status'!$H:$H,X$3,'Shipment status'!$K:$K,'Flat knit'!$C55) | Y55: =SUMIFS('Shipment status'!$L:$L,'Shipment status'!$A:$A,'Flat knit'!$B55,'Shipment status'!$H:$H,Y$3,'Shipment status'!$K:$K,'Flat knit'!$C55) | Z55: =SUMIFS('Shipment status'!$L:$L,'Shipment status'!$A:$A,'Flat knit'!$B55,'Shipment status'!$H:$H,Z$3,'Shipment status'!$K:$K,'Flat knit'!$C55) | AA55: =SUMIFS('Shipment status'!$L:$L,'Shipment status'!$A:$A,'Flat knit'!$B55,'Shipment status'!$H:$H,AA$3,'Shipment status'!$K:$K,'Flat knit'!$C55) | ... AK55: =SUMIFS('Shipment status'!$L:$L,'Shipment status'!$A:$A,'Flat knit'!$B55,'Shipment status'!$H:$H,AK$3,'Shipment status'!$K:$K,'Flat knit'!$C55)
A56: Daffodil | B56: 41 | C56: XS | D56: 2 | E56: 2 | F56: 120 | I56: =MAX(SUMIFS('Shipment status'!$L:$L,'Shipment status'!$A:$A,TRIM(CLEAN(SUBSTITUTE(VLOOKUP($B56&I$3,'PPO-GO'!$A:$AA,12,0)," ",""))),'Shipment status'!$H:$H,I$3,'Shipment status'!$K:$K,'Flat knit'!$C56),SUMIFS('Shipment status'!$L:$L,'Shipment status'!$A:$A,'Flat knit'!$B56,'Shipment status'!$H:$H,I$3,'Shipment status'!$K:$K,'Flat knit'!$C56)) | J56: =IFERROR(I56/$F56,"-") | L56: =MAX(SUMIFS('Shipment status'!$L:$L,'Shipment status'!$A:$A,TRIM(CLEAN(SUBSTITUTE(VLOOKUP($B56&L$3,'PPO-GO'!$A:$AA,12,0)," ",""))),'Shipment status'!$H:$H,L$3,'Shipment status'!$K:$K,'Flat knit'!$C56),SUMIFS('Shipment status'!$L:$L,'Shipment status'!$A:$A,'Flat knit'!$B56,'Shipment status'!$H:$H,L$3,'Shipment status'!$K:$K,'Flat knit'!$C56)) | M56: =IFERROR(IF(L56>I56*1.5,0.5,1)*L56/$F56,"-") | O56: =MAX(SUMIFS('Shipment status'!$L:$L,'Shipment status'!$A:$A,TRIM(CLEAN(SUBSTITUTE(VLOOKUP($B56,'PPO-GO'!$D:$L,9,0)," ",""))),'Shipment status'!$H:$H,O$3,'Shipment status'!$K:$K,'Flat knit'!$C56),SUMIFS('Shipment status'!$L:$L,'Shipment status'!$A:$A,'Flat knit'!$B56,'Shipment status'!$H:$H,O$3,'Shipment status'!$K:$K,'Flat knit'!$C56)) | P56: =IFERROR(O56/$F56,"-") | R56: =MAX(SUMIFS('Shipment status'!$L:$L,'Shipment status'!$A:$A,TRIM(CLEAN(SUBSTITUTE(VLOOKUP($B56,'PPO-GO'!$D:$L,9,0)," ",""))),'Shipment status'!$H:$H,R$3,'Shipment status'!$K:$K,'Flat knit'!$C56),SUMIFS('Shipment status'!$L:$L,'Shipment status'!$A:$A,'Flat knit'!$B56,'Shipment status'!$H:$H,R$3,'Shipment status'!$K:$K,'Flat knit'!$C56)) | S56: =IFERROR(R56/$F56,"-") | T56: =SUMIFS('Shipment status'!$L:$L,'Shipment status'!$A:$A,'Flat knit'!$B56,'Shipment status'!$H:$H,T$3,'Shipment status'!$K:$K,'Flat knit'!$C56) | U56: =SUMIFS('Shipment status'!$L:$L,'Shipment status'!$A:$A,'Flat knit'!$B56,'Shipment status'!$H:$H,U$3,'Shipment status'!$K:$K,'Flat knit'!$C56) | V56: =SUMIFS('Shipment status'!$L:$L,'Shipment status'!$A:$A,'Flat knit'!$B56,'Shipment status'!$H:$H,V$3,'Shipment status'!$K:$K,'Flat knit'!$C56) | W56: =SUMIFS('Shipment status'!$L:$L,'Shipment status'!$A:$A,'Flat knit'!$B56,'Shipment status'!$H:$H,W$3,'Shipment status'!$K:$K,'Flat knit'!$C56) | X56: =SUMIFS('Shipment status'!$L:$L,'Shipment status'!$A:$A,'Flat knit'!$B56,'Shipment status'!$H:$H,X$3,'Shipment status'!$K:$K,'Flat knit'!$C56) | Y56: =SUMIFS('Shipment status'!$L:$L,'Shipment status'!$A:$A,'Flat knit'!$B56,'Shipment status'!$H:$H,Y$3,'Shipment status'!$K:$K,'Flat knit'!$C56) | Z56: =SUMIFS('Shipment status'!$L:$L,'Shipment status'!$A:$A,'Flat knit'!$B56,'Shipment status'!$H:$H,Z$3,'Shipment status'!$K:$K,'Flat knit'!$C56) | AA56: =SUMIFS('Shipment status'!$L:$L,'Shipment status'!$A:$A,'Flat knit'!$B56,'Shipment status'!$H:$H,AA$3,'Shipment status'!$K:$K,'Flat knit'!$C56) | ... AK56: =SUMIFS('Shipment status'!$L:$L,'Shipment status'!$A:$A,'Flat knit'!$B56,'Shipment status'!$H:$H,AK$3,'Shipment status'!$K:$K,'Flat knit'!$C56)
A57: Midnight Jade | B57: 22 | C57: TTL | D57: 2 | E57: 2 | F57: 2000 | I57: =MAX(SUMIFS('Shipment status'!$L:$L,'Shipment status'!$A:$A,TRIM(CLEAN(SUBSTITUTE(VLOOKUP($B57&I$3,'PPO-GO'!$A:$AA,12,0)," ",""))),'Shipment status'!$H:$H,I$3,'Shipment status'!$K:$K,'Flat knit'!$C57),SUMIFS('Shipment status'!$L:$L,'Shipment status'!$A:$A,'Flat knit'!$B57,'Shipment status'!$H:$H,I$3,'Shipment status'!$K:$K,'Flat knit'!$C57)) | J57: =IFERROR(I57/$F57,"-") | L57: =MAX(SUMIFS('Shipment status'!$L:$L,'Shipment status'!$A:$A,TRIM(CLEAN(SUBSTITUTE(VLOOKUP($B57&L$3,'PPO-GO'!$A:$AA,12,0)," ",""))),'Shipment status'!$H:$H,L$3,'Shipment status'!$K:$K,'Flat knit'!$C57),SUMIFS('Shipment status'!$L:$L,'Shipment status'!$A:$A,'Flat knit'!$B57,'Shipment status'!$H:$H,L$3,'Shipment status'!$K:$K,'Flat knit'!$C57)) | M57: =IFERROR(IF(L57>I57*1.5,0.5,1)*L57/$F57,"-") | O57: =MAX(SUMIFS('Shipment status'!$L:$L,'Shipment status'!$A:$A,TRIM(CLEAN(SUBSTITUTE(VLOOKUP($B57,'PPO-GO'!$D:$L,9,0)," ",""))),'Shipment status'!$H:$H,O$3,'Shipment status'!$K:$K,'Flat knit'!$C57),SUMIFS('Shipment status'!$L:$L,'Shipment status'!$A:$A,'Flat knit'!$B57,'Shipment status'!$H:$H,O$3,'Shipment status'!$K:$K,'Flat knit'!$C57)) | P57: =IFERROR(O57/$F57,"-") | R57: =MAX(SUMIFS('Shipment status'!$L:$L,'Shipment status'!$A:$A,TRIM(CLEAN(SUBSTITUTE(VLOOKUP($B57,'PPO-GO'!$D:$L,9,0)," ",""))),'Shipment status'!$H:$H,R$3,'Shipment status'!$K:$K,'Flat knit'!$C57),SUMIFS('Shipment status'!$L:$L,'Shipment status'!$A:$A,'Flat knit'!$B57,'Shipment status'!$H:$H,R$3,'Shipment status'!$K:$K,'Flat knit'!$C57)) | S57: =IFERROR(R57/$F57,"-") | T57: =SUMIFS('Shipment status'!$L:$L,'Shipment status'!$A:$A,'Flat knit'!$B57,'Shipment status'!$H:$H,T$3,'Shipment status'!$K:$K,'Flat knit'!$C57) | U57: =SUMIFS('Shipment status'!$L:$L,'Shipment status'!$A:$A,'Flat knit'!$B57,'Shipment status'!$H:$H,U$3,'Shipment status'!$K:$K,'Flat knit'!$C57) | V57: =SUMIFS('Shipment status'!$L:$L,'Shipment status'!$A:$A,'Flat knit'!$B57,'Shipment status'!$H:$H,V$3,'Shipment status'!$K:$K,'Flat knit'!$C57) | W57: =SUMIFS('Shipment status'!$L:$L,'Shipment status'!$A:$A,'Flat knit'!$B57,'Shipment status'!$H:$H,W$3,'Shipment status'!$K:$K,'Flat knit'!$C57) | X57: =SUMIFS('Shipment status'!$L:$L,'Shipment status'!$A:$A,'Flat knit'!$B57,'Shipment status'!$H:$H,X$3,'Shipment status'!$K:$K,'Flat knit'!$C57) | Y57: =SUMIFS('Shipment status'!$L:$L,'Shipment status'!$A:$A,'Flat knit'!$B57,'Shipment status'!$H:$H,Y$3,'Shipment status'!$K:$K,'Flat knit'!$C57) | Z57: =SUMIFS('Shipment status'!$L:$L,'Shipment status'!$A:$A,'Flat knit'!$B57,'Shipment status'!$H:$H,Z$3,'Shipment status'!$K:$K,'Flat knit'!$C57) | AA57: =SUMIFS('Shipment status'!$L:$L,'Shipment status'!$A:$A,'Flat knit'!$B57,'Shipment status'!$H:$H,AA$3,'Shipment status'!$K:$K,'Flat knit'!$C57) | ... AK57: =SUMIFS('Shipment status'!$L:$L,'Shipment status'!$A:$A,'Flat knit'!$B57,'Shipment status'!$H:$H,AK$3,'Shipment status'!$K:$K,'Flat knit'!$C57)
A58: Pure Cashmere | B58: 42 | C58: XL | D58: 2 | E58: 2 | F58: 1731 | G58: 9.74 | I58: =MAX(SUMIFS('Shipment status'!$L:$L,'Shipment status'!$A:$A,TRIM(CLEAN(SUBSTITUTE(VLOOKUP($B58&I$3,'PPO-GO'!$A:$AA,12,0)," ",""))),'Shipment status'!$H:$H,I$3,'Shipment status'!$K:$K,'Flat knit'!$C58),SUMIFS('Shipment status'!$L:$L,'Shipment status'!$A:$A,'Flat knit'!$B58,'Shipment status'!$H:$H,I$3,'Shipment status'!$K:$K,'Flat knit'!$C58)) | J58: =IFERROR(I58/$F58,"-") | L58: =MAX(SUMIFS('Shipment status'!$L:$L,'Shipment status'!$A:$A,TRIM(CLEAN(SUBSTITUTE(VLOOKUP($B58&L$3,'PPO-GO'!$A:$AA,12,0)," ",""))),'Shipment status'!$H:$H,L$3,'Shipment status'!$K:$K,'Flat knit'!$C58),SUMIFS('Shipment status'!$L:$L,'Shipment status'!$A:$A,'Flat knit'!$B58,'Shipment status'!$H:$H,L$3,'Shipment status'!$K:$K,'Flat knit'!$C58)) | M58: =IFERROR(IF(L58>I58*1.5,0.5,1)*L58/$F58,"-") | O58: =MAX(SUMIFS('Shipment status'!$L:$L,'Shipment status'!$A:$A,TRIM(CLEAN(SUBSTITUTE(VLOOKUP($B58,'PPO-GO'!$D:$L,9,0)," ",""))),'Shipment status'!$H:$H,O$3,'Shipment status'!$K:$K,'Flat knit'!$C58),SUMIFS('Shipment status'!$L:$L,'Shipment status'!$A:$A,'Flat knit'!$B58,'Shipment status'!$H:$H,O$3,'Shipment status'!$K:$K,'Flat knit'!$C58)) | P58: =IFERROR(O58/$F58,"-") | R58: =MAX(SUMIFS('Shipment status'!$L:$L,'Shipment status'!$A:$A,TRIM(CLEAN(SUBSTITUTE(VLOOKUP($B58,'PPO-GO'!$D:$L,9,0)," ",""))),'Shipment status'!$H:$H,R$3,'Shipment status'!$K:$K,'Flat knit'!$C58),SUMIFS('Shipment status'!$L:$L,'Shipment status'!$A:$A,'Flat knit'!$B58,'Shipment status'!$H:$H,R$3,'Shipment status'!$K:$K,'Flat knit'!$C58)) | S58: =IFERROR(R58/$F58,"-") | T58: =SUMIFS('Shipment status'!$L:$L,'Shipment status'!$A:$A,'Flat knit'!$B58,'Shipment status'!$H:$H,T$3,'Shipment status'!$K:$K,'Flat knit'!$C58) | U58: =SUMIFS('Shipment status'!$L:$L,'Shipment status'!$A:$A,'Flat knit'!$B58,'Shipment status'!$H:$H,U$3,'Shipment status'!$K:$K,'Flat knit'!$C58) | V58: =SUMIFS('Shipment status'!$L:$L,'Shipment status'!$A:$A,'Flat knit'!$B58,'Shipment status'!$H:$H,V$3,'Shipment status'!$K:$K,'Flat knit'!$C58) | W58: =SUMIFS('Shipment status'!$L:$L,'Shipment status'!$A:$A,'Flat knit'!$B58,'Shipment status'!$H:$H,W$3,'Shipment status'!$K:$K,'Flat knit'!$C58) | X58: =SUMIFS('Shipment status'!$L:$L,'Shipment status'!$A:$A,'Flat knit'!$B58,'Shipment status'!$H:$H,X$3,'Shipment status'!$K:$K,'Flat knit'!$C58) | Y58: =SUMIFS('Shipment status'!$L:$L,'Shipment status'!$A:$A,'Flat knit'!$B58,'Shipment status'!$H:$H,Y$3,'Shipment status'!$K:$K,'Flat knit'!$C58) | Z58: =SUMIFS('Shipment status'!$L:$L,'Shipment status'!$A:$A,'Flat knit'!$B58,'Shipment status'!$H:$H,Z$3,'Shipment status'!$K:$K,'Flat knit'!$C58) | AA58: =SUMIFS('Shipment status'!$L:$L,'Shipment status'!$A:$A,'Flat knit'!$B58,'Shipment status'!$H:$H,AA$3,'Shipment status'!$K:$K,'Flat knit'!$C58) | ... AK58: =SUMIFS('Shipment status'!$L:$L,'Shipment status'!$A:$A,'Flat knit'!$B58,'Shipment status'!$H:$H,AK$3,'Shipment status'!$K:$K,'Flat knit'!$C58)
A59: Pure Cashmere | B59: 42 | C59: S | D59: 2 | E59: 2 | F59: 1259 | G59: 1.9 | I59: =MAX(SUMIFS('Shipment status'!$L:$L,'Shipment status'!$A:$A,TRIM(CLEAN(SUBSTITUTE(VLOOKUP($B59&I$3,'PPO-GO'!$A:$AA,12,0)," ",""))),'Shipment status'!$H:$H,I$3,'Shipment status'!$K:$K,'Flat knit'!$C59),SUMIFS('Shipment status'!$L:$L,'Shipment status'!$A:$A,'Flat knit'!$B59,'Shipment status'!$H:$H,I$3,'Shipment status'!$K:$K,'Flat knit'!$C59)) | J59: =IFERROR(I59/$F59,"-") | L59: =MAX(SUMIFS('Shipment status'!$L:$L,'Shipment status'!$A:$A,TRIM(CLEAN(SUBSTITUTE(VLOOKUP($B59&L$3,'PPO-GO'!$A:$AA,12,0)," ",""))),'Shipment status'!$H:$H,L$3,'Shipment status'!$K:$K,'Flat knit'!$C59),SUMIFS('Shipment status'!$L:$L,'Shipment status'!$A:$A,'Flat knit'!$B59,'Shipment status'!$H:$H,L$3,'Shipment status'!$K:$K,'Flat knit'!$C59)) | M59: =IFERROR(IF(L59>I59*1.5,0.5,1)*L59/$F59,"-") | O59: =MAX(SUMIFS('Shipment status'!$L:$L,'Shipment status'!$A:$A,TRIM(CLEAN(SUBSTITUTE(VLOOKUP($B59,'PPO-GO'!$D:$L,9,0)," ",""))),'Shipment status'!$H:$H,O$3,'Shipment status'!$K:$K,'Flat knit'!$C59),SUMIFS('Shipment status'!$L:$L,'Shipment status'!$A:$A,'Flat knit'!$B59,'Shipment status'!$H:$H,O$3,'Shipment status'!$K:$K,'Flat knit'!$C59)) | P59: =IFERROR(O59/$F59,"-") | R59: =MAX(SUMIFS('Shipment status'!$L:$L,'Shipment status'!$A:$A,TRIM(CLEAN(SUBSTITUTE(VLOOKUP($B59,'PPO-GO'!$D:$L,9,0)," ",""))),'Shipment status'!$H:$H,R$3,'Shipment status'!$K:$K,'Flat knit'!$C59),SUMIFS('Shipment status'!$L:$L,'Shipment status'!$A:$A,'Flat knit'!$B59,'Shipment status'!$H:$H,R$3,'Shipment status'!$K:$K,'Flat knit'!$C59)) | S59: =IFERROR(R59/$F59,"-") | T59: =SUMIFS('Shipment status'!$L:$L,'Shipment status'!$A:$A,'Flat knit'!$B59,'Shipment status'!$H:$H,T$3,'Shipment status'!$K:$K,'Flat knit'!$C59) | U59: =SUMIFS('Shipment status'!$L:$L,'Shipment status'!$A:$A,'Flat knit'!$B59,'Shipment status'!$H:$H,U$3,'Shipment status'!$K:$K,'Flat knit'!$C59) | V59: =SUMIFS('Shipment status'!$L:$L,'Shipment status'!$A:$A,'Flat knit'!$B59,'Shipment status'!$H:$H,V$3,'Shipment status'!$K:$K,'Flat knit'!$C59) | W59: =SUMIFS('Shipment status'!$L:$L,'Shipment status'!$A:$A,'Flat knit'!$B59,'Shipment status'!$H:$H,W$3,'Shipment status'!$K:$K,'Flat knit'!$C59) | X59: =SUMIFS('Shipment status'!$L:$L,'Shipment status'!$A:$A,'Flat knit'!$B59,'Shipment status'!$H:$H,X$3,'Shipment status'!$K:$K,'Flat knit'!$C59) | Y59: =SUMIFS('Shipment status'!$L:$L,'Shipment status'!$A:$A,'Flat knit'!$B59,'Shipment status'!$H:$H,Y$3,'Shipment status'!$K:$K,'Flat knit'!$C59) | Z59: =SUMIFS('Shipment status'!$L:$L,'Shipment status'!$A:$A,'Flat knit'!$B59,'Shipment status'!$H:$H,Z$3,'Shipment status'!$K:$K,'Flat knit'!$C59) | AA59: =SUMIFS('Shipment status'!$L:$L,'Shipment status'!$A:$A,'Flat knit'!$B59,'Shipment status'!$H:$H,AA$3,'Shipment status'!$K:$K,'Flat knit'!$C59) | ... AK59: =SUMIFS('Shipment status'!$L:$L,'Shipment status'!$A:$A,'Flat knit'!$B59,'Shipment status'!$H:$H,AK$3,'Shipment status'!$K:$K,'Flat knit'!$C59)
A60: Pure Cashmere | B60: 42 | C60: M | D60: 2 | E60: 2 | F60: 2413 | G60: 8.56 | I60: =MAX(SUMIFS('Shipment status'!$L:$L,'Shipment status'!$A:$A,TRIM(CLEAN(SUBSTITUTE(VLOOKUP($B60&I$3,'PPO-GO'!$A:$AA,12,0)," ",""))),'Shipment status'!$H:$H,I$3,'Shipment status'!$K:$K,'Flat knit'!$C60),SUMIFS('Shipment status'!$L:$L,'Shipment status'!$A:$A,'Flat knit'!$B60,'Shipment status'!$H:$H,I$3,'Shipment status'!$K:$K,'Flat knit'!$C60)) | J60: =IFERROR(I60/$F60,"-") | L60: =MAX(SUMIFS('Shipment status'!$L:$L,'Shipment status'!$A:$A,TRIM(CLEAN(SUBSTITUTE(VLOOKUP($B60&L$3,'PPO-GO'!$A:$AA,12,0)," ",""))),'Shipment status'!$H:$H,L$3,'Shipment status'!$K:$K,'Flat knit'!$C60),SUMIFS('Shipment status'!$L:$L,'Shipment status'!$A:$A,'Flat knit'!$B60,'Shipment status'!$H:$H,L$3,'Shipment status'!$K:$K,'Flat knit'!$C60)) | M60: =IFERROR(IF(L60>I60*1.5,0.5,1)*L60/$F60,"-") | O60: =MAX(SUMIFS('Shipment status'!$L:$L,'Shipment status'!$A:$A,TRIM(CLEAN(SUBSTITUTE(VLOOKUP($B60,'PPO-GO'!$D:$L,9,0)," ",""))),'Shipment status'!$H:$H,O$3,'Shipment status'!$K:$K,'Flat knit'!$C60),SUMIFS('Shipment status'!$L:$L,'Shipment status'!$A:$A,'Flat knit'!$B60,'Shipment status'!$H:$H,O$3,'Shipment status'!$K:$K,'Flat knit'!$C60)) | P60: =IFERROR(O60/$F60,"-") | R60: =MAX(SUMIFS('Shipment status'!$L:$L,'Shipment status'!$A:$A,TRIM(CLEAN(SUBSTITUTE(VLOOKUP($B60,'PPO-GO'!$D:$L,9,0)," ",""))),'Shipment status'!$H:$H,R$3,'Shipment status'!$K:$K,'Flat knit'!$C60),SUMIFS('Shipment status'!$L:$L,'Shipment status'!$A:$A,'Flat knit'!$B60,'Shipment status'!$H:$H,R$3,'Shipment status'!$K:$K,'Flat knit'!$C60)) | S60: =IFERROR(R60/$F60,"-") | T60: =SUMIFS('Shipment status'!$L:$L,'Shipment status'!$A:$A,'Flat knit'!$B60,'Shipment status'!$H:$H,T$3,'Shipment status'!$K:$K,'Flat knit'!$C60) | U60: =SUMIFS('Shipment status'!$L:$L,'Shipment status'!$A:$A,'Flat knit'!$B60,'Shipment status'!$H:$H,U$3,'Shipment status'!$K:$K,'Flat knit'!$C60) | V60: =SUMIFS('Shipment status'!$L:$L,'Shipment status'!$A:$A,'Flat knit'!$B60,'Shipment status'!$H:$H,V$3,'Shipment status'!$K:$K,'Flat knit'!$C60) | W60: =SUMIFS('Shipment status'!$L:$L,'Shipment status'!$A:$A,'Flat knit'!$B60,'Shipment status'!$H:$H,W$3,'Shipment status'!$K:$K,'Flat knit'!$C60) | X60: =SUMIFS('Shipment status'!$L:$L,'Shipment status'!$A:$A,'Flat knit'!$B60,'Shipment status'!$H:$H,X$3,'Shipment status'!$K:$K,'Flat knit'!$C60) | Y60: =SUMIFS('Shipment status'!$L:$L,'Shipment status'!$A:$A,'Flat knit'!$B60,'Shipment status'!$H:$H,Y$3,'Shipment status'!$K:$K,'Flat knit'!$C60) | Z60: =SUMIFS('Shipment status'!$L:$L,'Shipment status'!$A:$A,'Flat knit'!$B60,'Shipment status'!$H:$H,Z$3,'Shipment status'!$K:$K,'Flat knit'!$C60) | AA60: =SUMIFS('Shipment status'!$L:$L,'Shipment status'!$A:$A,'Flat knit'!$B60,'Shipment status'!$H:$H,AA$3,'Shipment status'!$K:$K,'Flat knit'!$C60) | ... AK60: =SUMIFS('Shipment status'!$L:$L,'Shipment status'!$A:$A,'Flat knit'!$B60,'Shipment status'!$H:$H,AK$3,'Shipment status'!$K:$K,'Flat knit'!$C60)
A61: Pure Cashmere | B61: 42 | C61: L | D61: 2 | E61: 2 | F61: 2428 | G61: 10.9 | I61: =MAX(SUMIFS('Shipment status'!$L:$L,'Shipment status'!$A:$A,TRIM(CLEAN(SUBSTITUTE(VLOOKUP($B61&I$3,'PPO-GO'!$A:$AA,12,0)," ",""))),'Shipment status'!$H:$H,I$3,'Shipment status'!$K:$K,'Flat knit'!$C61),SUMIFS('Shipment status'!$L:$L,'Shipment status'!$A:$A,'Flat knit'!$B61,'Shipment status'!$H:$H,I$3,'Shipment status'!$K:$K,'Flat knit'!$C61)) | J61: =IFERROR(I61/$F61,"-") | L61: =MAX(SUMIFS('Shipment status'!$L:$L,'Shipment status'!$A:$A,TRIM(CLEAN(SUBSTITUTE(VLOOKUP($B61&L$3,'PPO-GO'!$A:$AA,12,0)," ",""))),'Shipment status'!$H:$H,L$3,'Shipment status'!$K:$K,'Flat knit'!$C61),SUMIFS('Shipment status'!$L:$L,'Shipment status'!$A:$A,'Flat knit'!$B61,'Shipment status'!$H:$H,L$3,'Shipment status'!$K:$K,'Flat knit'!$C61)) | M61: =IFERROR(IF(L61>I61*1.5,0.5,1)*L61/$F61,"-") | O61: =MAX(SUMIFS('Shipment status'!$L:$L,'Shipment status'!$A:$A,TRIM(CLEAN(SUBSTITUTE(VLOOKUP($B61,'PPO-GO'!$D:$L,9,0)," ",""))),'Shipment status'!$H:$H,O$3,'Shipment status'!$K:$K,'Flat knit'!$C61),SUMIFS('Shipment status'!$L:$L,'Shipment status'!$A:$A,'Flat knit'!$B61,'Shipment status'!$H:$H,O$3,'Shipment status'!$K:$K,'Flat knit'!$C61)) | P61: =IFERROR(O61/$F61,"-") | R61: =MAX(SUMIFS('Shipment status'!$L:$L,'Shipment status'!$A:$A,TRIM(CLEAN(SUBSTITUTE(VLOOKUP($B61,'PPO-GO'!$D:$L,9,0)," ",""))),'Shipment status'!$H:$H,R$3,'Shipment status'!$K:$K,'Flat knit'!$C61),SUMIFS('Shipment status'!$L:$L,'Shipment status'!$A:$A,'Flat knit'!$B61,'Shipment status'!$H:$H,R$3,'Shipment status'!$K:$K,'Flat knit'!$C61)) | S61: =IFERROR(R61/$F61,"-") | T61: =SUMIFS('Shipment status'!$L:$L,'Shipment status'!$A:$A,'Flat knit'!$B61,'Shipment status'!$H:$H,T$3,'Shipment status'!$K:$K,'Flat knit'!$C61) | U61: =SUMIFS('Shipment status'!$L:$L,'Shipment status'!$A:$A,'Flat knit'!$B61,'Shipment status'!$H:$H,U$3,'Shipment status'!$K:$K,'Flat knit'!$C61) | V61: =SUMIFS('Shipment status'!$L:$L,'Shipment status'!$A:$A,'Flat knit'!$B61,'Shipment status'!$H:$H,V$3,'Shipment status'!$K:$K,'Flat knit'!$C61) | W61: =SUMIFS('Shipment status'!$L:$L,'Shipment status'!$A:$A,'Flat knit'!$B61,'Shipment status'!$H:$H,W$3,'Shipment status'!$K:$K,'Flat knit'!$C61) | X61: =SUMIFS('Shipment status'!$L:$L,'Shipment status'!$A:$A,'Flat knit'!$B61,'Shipment status'!$H:$H,X$3,'Shipment status'!$K:$K,'Flat knit'!$C61) | Y61: =SUMIFS('Shipment status'!$L:$L,'Shipment status'!$A:$A,'Flat knit'!$B61,'Shipment status'!$H:$H,Y$3,'Shipment status'!$K:$K,'Flat knit'!$C61) | Z61: =SUMIFS('Shipment status'!$L:$L,'Shipment status'!$A:$A,'Flat knit'!$B61,'Shipment status'!$H:$H,Z$3,'Shipment status'!$K:$K,'Flat knit'!$C61) | AA61: =SUMIFS('Shipment status'!$L:$L,'Shipment status'!$A:$A,'Flat knit'!$B61,'Shipment status'!$H:$H,AA$3,'Shipment status'!$K:$K,'Flat knit'!$C61) | ... AK61: =SUMIFS('Shipment status'!$L:$L,'Shipment status'!$A:$A,'Flat knit'!$B61,'Shipment status'!$H:$H,AK$3,'Shipment status'!$K:$K,'Flat knit'!$C61)
A62: Pure Cashmere | B62: 42 | C62: TTL | D62: 2 | E62: 2 | F62: 2120 | I62: =MAX(SUMIFS('Shipment status'!$L:$L,'Shipment status'!$A:$A,TRIM(CLEAN(SUBSTITUTE(VLOOKUP($B62&I$3,'PPO-GO'!$A:$AA,12,0)," ",""))),'Shipment status'!$H:$H,I$3,'Shipment status'!$K:$K,'Flat knit'!$C62),SUMIFS('Shipment status'!$L:$L,'Shipment status'!$A:$A,'Flat knit'!$B62,'Shipment status'!$H:$H,I$3,'Shipment status'!$K:$K,'Flat knit'!$C62)) | J62: =IFERROR(I62/$F62,"-") | L62: =MAX(SUMIFS('Shipment status'!$L:$L,'Shipment status'!$A:$A,TRIM(CLEAN(SUBSTITUTE(VLOOKUP($B62&L$3,'PPO-GO'!$A:$AA,12,0)," ",""))),'Shipment status'!$H:$H,L$3,'Shipment status'!$K:$K,'Flat knit'!$C62),SUMIFS('Shipment status'!$L:$L,'Shipment status'!$A:$A,'Flat knit'!$B62,'Shipment status'!$H:$H,L$3,'Shipment status'!$K:$K,'Flat knit'!$C62)) | M62: =IFERROR(IF(L62>I62*1.5,0.5,1)*L62/$F62,"-") | O62: =MAX(SUMIFS('Shipment status'!$L:$L,'Shipment status'!$A:$A,TRIM(CLEAN(SUBSTITUTE(VLOOKUP($B62,'PPO-GO'!$D:$L,9,0)," ",""))),'Shipment status'!$H:$H,O$3,'Shipment status'!$K:$K,'Flat knit'!$C62),SUMIFS('Shipment status'!$L:$L,'Shipment status'!$A:$A,'Flat knit'!$B62,'Shipment status'!$H:$H,O$3,'Shipment status'!$K:$K,'Flat knit'!$C62)) | P62: =IFERROR(O62/$F62,"-") | R62: =MAX(SUMIFS('Shipment status'!$L:$L,'Shipment status'!$A:$A,TRIM(CLEAN(SUBSTITUTE(VLOOKUP($B62,'PPO-GO'!$D:$L,9,0)," ",""))),'Shipment status'!$H:$H,R$3,'Shipment status'!$K:$K,'Flat knit'!$C62),SUMIFS('Shipment status'!$L:$L,'Shipment status'!$A:$A,'Flat knit'!$B62,'Shipment status'!$H:$H,R$3,'Shipment status'!$K:$K,'Flat knit'!$C62)) | S62: =IFERROR(R62/$F62,"-") | T62: =SUMIFS('Shipment status'!$L:$L,'Shipment status'!$A:$A,'Flat knit'!$B62,'Shipment status'!$H:$H,T$3,'Shipment status'!$K:$K,'Flat knit'!$C62) | U62: =SUMIFS('Shipment status'!$L:$L,'Shipment status'!$A:$A,'Flat knit'!$B62,'Shipment status'!$H:$H,U$3,'Shipment status'!$K:$K,'Flat knit'!$C62) | V62: =SUMIFS('Shipment status'!$L:$L,'Shipment status'!$A:$A,'Flat knit'!$B62,'Shipment status'!$H:$H,V$3,'Shipment status'!$K:$K,'Flat knit'!$C62) | W62: =SUMIFS('Shipment status'!$L:$L,'Shipment status'!$A:$A,'Flat knit'!$B62,'Shipment status'!$H:$H,W$3,'Shipment status'!$K:$K,'Flat knit'!$C62) | X62: =SUMIFS('Shipment status'!$L:$L,'Shipment status'!$A:$A,'Flat knit'!$B62,'Shipment status'!$H:$H,X$3,'Shipment status'!$K:$K,'Flat knit'!$C62) | Y62: =SUMIFS('Shipment status'!$L:$L,'Shipment status'!$A:$A,'Flat knit'!$B62,'Shipment status'!$H:$H,Y$3,'Shipment status'!$K:$K,'Flat knit'!$C62) | Z62: =SUMIFS('Shipment status'!$L:$L,'Shipment status'!$A:$A,'Flat knit'!$B62,'Shipment status'!$H:$H,Z$3,'Shipment status'!$K:$K,'Flat knit'!$C62) | AA62: =SUMIFS('Shipment status'!$L:$L,'Shipment status'!$A:$A,'Flat knit'!$B62,'Shipment status'!$H:$H,AA$3,'Shipment status'!$K:$K,'Flat knit'!$C62) | ... AK62: =SUMIFS('Shipment status'!$L:$L,'Shipment status'!$A:$A,'Flat knit'!$B62,'Shipment status'!$H:$H,AK$3,'Shipment status'!$K:$K,'Flat knit'!$C62)
A63: Pure Cashmere | B63: 42 | C63: XXXL | D63: 2 | E63: 2 | F63: 254 | G63: 3.7 | I63: =MAX(SUMIFS('Shipment status'!$L:$L,'Shipment status'!$A:$A,TRIM(CLEAN(SUBSTITUTE(VLOOKUP($B63&I$3,'PPO-GO'!$A:$AA,12,0)," ",""))),'Shipment status'!$H:$H,I$3,'Shipment status'!$K:$K,'Flat knit'!$C63),SUMIFS('Shipment status'!$L:$L,'Shipment status'!$A:$A,'Flat knit'!$B63,'Shipment status'!$H:$H,I$3,'Shipment status'!$K:$K,'Flat knit'!$C63)) | J63: =IFERROR(I63/$F63,"-") | L63: =MAX(SUMIFS('Shipment status'!$L:$L,'Shipment status'!$A:$A,TRIM(CLEAN(SUBSTITUTE(VLOOKUP($B63&L$3,'PPO-GO'!$A:$AA,12,0)," ",""))),'Shipment status'!$H:$H,L$3,'Shipment status'!$K:$K,'Flat knit'!$C63),SUMIFS('Shipment status'!$L:$L,'Shipment status'!$A:$A,'Flat knit'!$B63,'Shipment status'!$H:$H,L$3,'Shipment status'!$K:$K,'Flat knit'!$C63)) | M63: =IFERROR(IF(L63>I63*1.5,0.5,1)*L63/$F63,"-") | O63: =MAX(SUMIFS('Shipment status'!$L:$L,'Shipment status'!$A:$A,TRIM(CLEAN(SUBSTITUTE(VLOOKUP($B63,'PPO-GO'!$D:$L,9,0)," ",""))),'Shipment status'!$H:$H,O$3,'Shipment status'!$K:$K,'Flat knit'!$C63),SUMIFS('Shipment status'!$L:$L,'Shipment status'!$A:$A,'Flat knit'!$B63,'Shipment status'!$H:$H,O$3,'Shipment status'!$K:$K,'Flat knit'!$C63)) | P63: =IFERROR(O63/$F63,"-") | R63: =MAX(SUMIFS('Shipment status'!$L:$L,'Shipment status'!$A:$A,TRIM(CLEAN(SUBSTITUTE(VLOOKUP($B63,'PPO-GO'!$D:$L,9,0)," ",""))),'Shipment status'!$H:$H,R$3,'Shipment status'!$K:$K,'Flat knit'!$C63),SUMIFS('Shipment status'!$L:$L,'Shipment status'!$A:$A,'Flat knit'!$B63,'Shipment status'!$H:$H,R$3,'Shipment status'!$K:$K,'Flat knit'!$C63)) | S63: =IFERROR(R63/$F63,"-") | T63: =SUMIFS('Shipment status'!$L:$L,'Shipment status'!$A:$A,'Flat knit'!$B63,'Shipment status'!$H:$H,T$3,'Shipment status'!$K:$K,'Flat knit'!$C63) | U63: =SUMIFS('Shipment status'!$L:$L,'Shipment status'!$A:$A,'Flat knit'!$B63,'Shipment status'!$H:$H,U$3,'Shipment status'!$K:$K,'Flat knit'!$C63) | V63: =SUMIFS('Shipment status'!$L:$L,'Shipment status'!$A:$A,'Flat knit'!$B63,'Shipment status'!$H:$H,V$3,'Shipment status'!$K:$K,'Flat knit'!$C63) | W63: =SUMIFS('Shipment status'!$L:$L,'Shipment status'!$A:$A,'Flat knit'!$B63,'Shipment status'!$H:$H,W$3,'Shipment status'!$K:$K,'Flat knit'!$C63) | X63: =SUMIFS('Shipment status'!$L:$L,'Shipment status'!$A:$A,'Flat knit'!$B63,'Shipment status'!$H:$H,X$3,'Shipment status'!$K:$K,'Flat knit'!$C63) | Y63: =SUMIFS('Shipment status'!$L:$L,'Shipment status'!$A:$A,'Flat knit'!$B63,'Shipment status'!$H:$H,Y$3,'Shipment status'!$K:$K,'Flat knit'!$C63) | Z63: =SUMIFS('Shipment status'!$L:$L,'Shipment status'!$A:$A,'Flat knit'!$B63,'Shipment status'!$H:$H,Z$3,'Shipment status'!$K:$K,'Flat knit'!$C63) | AA63: =SUMIFS('Shipment status'!$L:$L,'Shipment status'!$A:$A,'Flat knit'!$B63,'Shipment status'!$H:$H,AA$3,'Shipment status'!$K:$K,'Flat knit'!$C63) | ... AK63: =SUMIFS('Shipment status'!$L:$L,'Shipment status'!$A:$A,'Flat knit'!$B63,'Shipment status'!$H:$H,AK$3,'Shipment status'!$K:$K,'Flat knit'!$C63)
A64: Pure Cashmere | B64: 42 | C64: 2XL | D64: 2 | E64: 2 | F64: 1129 | G64: 6.78 | I64: =MAX(SUMIFS('Shipment status'!$L:$L,'Shipment status'!$A:$A,TRIM(CLEAN(SUBSTITUTE(VLOOKUP($B64&I$3,'PPO-GO'!$A:$AA,12,0)," ",""))),'Shipment status'!$H:$H,I$3,'Shipment status'!$K:$K,'Flat knit'!$C64),SUMIFS('Shipment status'!$L:$L,'Shipment status'!$A:$A,'Flat knit'!$B64,'Shipment status'!$H:$H,I$3,'Shipment status'!$K:$K,'Flat knit'!$C64)) | J64: =IFERROR(I64/$F64,"-") | L64: =MAX(SUMIFS('Shipment status'!$L:$L,'Shipment status'!$A:$A,TRIM(CLEAN(SUBSTITUTE(VLOOKUP($B64&L$3,'PPO-GO'!$A:$AA,12,0)," ",""))),'Shipment status'!$H:$H,L$3,'Shipment status'!$K:$K,'Flat knit'!$C64),SUMIFS('Shipment status'!$L:$L,'Shipment status'!$A:$A,'Flat knit'!$B64,'Shipment status'!$H:$H,L$3,'Shipment status'!$K:$K,'Flat knit'!$C64)) | M64: =IFERROR(IF(L64>I64*1.5,0.5,1)*L64/$F64,"-") | O64: =MAX(SUMIFS('Shipment status'!$L:$L,'Shipment status'!$A:$A,TRIM(CLEAN(SUBSTITUTE(VLOOKUP($B64,'PPO-GO'!$D:$L,9,0)," ",""))),'Shipment status'!$H:$H,O$3,'Shipment status'!$K:$K,'Flat knit'!$C64),SUMIFS('Shipment status'!$L:$L,'Shipment status'!$A:$A,'Flat knit'!$B64,'Shipment status'!$H:$H,O$3,'Shipment status'!$K:$K,'Flat knit'!$C64)) | P64: =IFERROR(O64/$F64,"-") | R64: =MAX(SUMIFS('Shipment status'!$L:$L,'Shipment status'!$A:$A,TRIM(CLEAN(SUBSTITUTE(VLOOKUP($B64,'PPO-GO'!$D:$L,9,0)," ",""))),'Shipment status'!$H:$H,R$3,'Shipment status'!$K:$K,'Flat knit'!$C64),SUMIFS('Shipment status'!$L:$L,'Shipment status'!$A:$A,'Flat knit'!$B64,'Shipment status'!$H:$H,R$3,'Shipment status'!$K:$K,'Flat knit'!$C64)) | S64: =IFERROR(R64/$F64,"-") | T64: =SUMIFS('Shipment status'!$L:$L,'Shipment status'!$A:$A,'Flat knit'!$B64,'Shipment status'!$H:$H,T$3,'Shipment status'!$K:$K,'Flat knit'!$C64) | U64: =SUMIFS('Shipment status'!$L:$L,'Shipment status'!$A:$A,'Flat knit'!$B64,'Shipment status'!$H:$H,U$3,'Shipment status'!$K:$K,'Flat knit'!$C64) | V64: =SUMIFS('Shipment status'!$L:$L,'Shipment status'!$A:$A,'Flat knit'!$B64,'Shipment status'!$H:$H,V$3,'Shipment status'!$K:$K,'Flat knit'!$C64) | W64: =SUMIFS('Shipment status'!$L:$L,'Shipment status'!$A:$A,'Flat knit'!$B64,'Shipment status'!$H:$H,W$3,'Shipment status'!$K:$K,'Flat knit'!$C64) | X64: =SUMIFS('Shipment status'!$L:$L,'Shipment status'!$A:$A,'Flat knit'!$B64,'Shipment status'!$H:$H,X$3,'Shipment status'!$K:$K,'Flat knit'!$C64) | Y64: =SUMIFS('Shipment status'!$L:$L,'Shipment status'!$A:$A,'Flat knit'!$B64,'Shipment status'!$H:$H,Y$3,'Shipment status'!$K:$K,'Flat knit'!$C64) | Z64: =SUMIFS('Shipment status'!$L:$L,'Shipment status'!$A:$A,'Flat knit'!$B64,'Shipment status'!$H:$H,Z$3,'Shipment status'!$K:$K,'Flat knit'!$C64) | AA64: =SUMIFS('Shipment status'!$L:$L,'Shipment status'!$A:$A,'Flat knit'!$B64,'Shipment status'!$H:$H,AA$3,'Shipment status'!$K:$K,'Flat knit'!$C64) | ... AK64: =SUMIFS('Shipment status'!$L:$L,'Shipment status'!$A:$A,'Flat knit'!$B64,'Shipment status'!$H:$H,AK$3,'Shipment status'!$K:$K,'Flat knit'!$C64)
A65: Pure Cashmere | B65: 42 | C65: XS | D65: 2 | E65: 2 | F65: 300 | I65: =MAX(SUMIFS('Shipment status'!$L:$L,'Shipment status'!$A:$A,TRIM(CLEAN(SUBSTITUTE(VLOOKUP($B65&I$3,'PPO-GO'!$A:$AA,12,0)," ",""))),'Shipment status'!$H:$H,I$3,'Shipment status'!$K:$K,'Flat knit'!$C65),SUMIFS('Shipment status'!$L:$L,'Shipment status'!$A:$A,'Flat knit'!$B65,'Shipment status'!$H:$H,I$3,'Shipment status'!$K:$K,'Flat knit'!$C65)) | J65: =IFERROR(I65/$F65,"-") | L65: =MAX(SUMIFS('Shipment status'!$L:$L,'Shipment status'!$A:$A,TRIM(CLEAN(SUBSTITUTE(VLOOKUP($B65&L$3,'PPO-GO'!$A:$AA,12,0)," ",""))),'Shipment status'!$H:$H,L$3,'Shipment status'!$K:$K,'Flat knit'!$C65),SUMIFS('Shipment status'!$L:$L,'Shipment status'!$A:$A,'Flat knit'!$B65,'Shipment status'!$H:$H,L$3,'Shipment status'!$K:$K,'Flat knit'!$C65)) | M65: =IFERROR(IF(L65>I65*1.5,0.5,1)*L65/$F65,"-") | O65: =MAX(SUMIFS('Shipment status'!$L:$L,'Shipment status'!$A:$A,TRIM(CLEAN(SUBSTITUTE(VLOOKUP($B65,'PPO-GO'!$D:$L,9,0)," ",""))),'Shipment status'!$H:$H,O$3,'Shipment status'!$K:$K,'Flat knit'!$C65),SUMIFS('Shipment status'!$L:$L,'Shipment status'!$A:$A,'Flat knit'!$B65,'Shipment status'!$H:$H,O$3,'Shipment status'!$K:$K,'Flat knit'!$C65)) | P65: =IFERROR(O65/$F65,"-") | R65: =MAX(SUMIFS('Shipment status'!$L:$L,'Shipment status'!$A:$A,TRIM(CLEAN(SUBSTITUTE(VLOOKUP($B65,'PPO-GO'!$D:$L,9,0)," ",""))),'Shipment status'!$H:$H,R$3,'Shipment status'!$K:$K,'Flat knit'!$C65),SUMIFS('Shipment status'!$L:$L,'Shipment status'!$A:$A,'Flat knit'!$B65,'Shipment status'!$H:$H,R$3,'Shipment status'!$K:$K,'Flat knit'!$C65)) | S65: =IFERROR(R65/$F65,"-") | T65: =SUMIFS('Shipment status'!$L:$L,'Shipment status'!$A:$A,'Flat knit'!$B65,'Shipment status'!$H:$H,T$3,'Shipment status'!$K:$K,'Flat knit'!$C65) | U65: =SUMIFS('Shipment status'!$L:$L,'Shipment status'!$A:$A,'Flat knit'!$B65,'Shipment status'!$H:$H,U$3,'Shipment status'!$K:$K,'Flat knit'!$C65) | V65: =SUMIFS('Shipment status'!$L:$L,'Shipment status'!$A:$A,'Flat knit'!$B65,'Shipment status'!$H:$H,V$3,'Shipment status'!$K:$K,'Flat knit'!$C65) | W65: =SUMIFS('Shipment status'!$L:$L,'Shipment status'!$A:$A,'Flat knit'!$B65,'Shipment status'!$H:$H,W$3,'Shipment status'!$K:$K,'Flat knit'!$C65) | X65: =SUMIFS('Shipment status'!$L:$L,'Shipment status'!$A:$A,'Flat knit'!$B65,'Shipment status'!$H:$H,X$3,'Shipment status'!$K:$K,'Flat knit'!$C65) | Y65: =SUMIFS('Shipment status'!$L:$L,'Shipment status'!$A:$A,'Flat knit'!$B65,'Shipment status'!$H:$H,Y$3,'Shipment status'!$K:$K,'Flat knit'!$C65) | Z65: =SUMIFS('Shipment status'!$L:$L,'Shipment status'!$A:$A,'Flat knit'!$B65,'Shipment status'!$H:$H,Z$3,'Shipment status'!$K:$K,'Flat knit'!$C65) | AA65: =SUMIFS('Shipment status'!$L:$L,'Shipment status'!$A:$A,'Flat knit'!$B65,'Shipment status'!$H:$H,AA$3,'Shipment status'!$K:$K,'Flat knit'!$C65) | ... AK65: =SUMIFS('Shipment status'!$L:$L,'Shipment status'!$A:$A,'Flat knit'!$B65,'Shipment status'!$H:$H,AK$3,'Shipment status'!$K:$K,'Flat knit'!$C65)
A66: Ancient Water | B66: 64 | C66: XL | D66: 2 | E66: 2 | F66: 986 | G66: 3.8 | I66: =MAX(SUMIFS('Shipment status'!$L:$L,'Shipment status'!$A:$A,TRIM(CLEAN(SUBSTITUTE(VLOOKUP($B66&I$3,'PPO-GO'!$A:$AA,12,0)," ",""))),'Shipment status'!$H:$H,I$3,'Shipment status'!$K:$K,'Flat knit'!$C66),SUMIFS('Shipment status'!$L:$L,'Shipment status'!$A:$A,'Flat knit'!$B66,'Shipment status'!$H:$H,I$3,'Shipment status'!$K:$K,'Flat knit'!$C66)) | J66: =IFERROR(I66/$F66,"-") | L66: =MAX(SUMIFS('Shipment status'!$L:$L,'Shipment status'!$A:$A,TRIM(CLEAN(SUBSTITUTE(VLOOKUP($B66&L$3,'PPO-GO'!$A:$AA,12,0)," ",""))),'Shipment status'!$H:$H,L$3,'Shipment status'!$K:$K,'Flat knit'!$C66),SUMIFS('Shipment status'!$L:$L,'Shipment status'!$A:$A,'Flat knit'!$B66,'Shipment status'!$H:$H,L$3,'Shipment status'!$K:$K,'Flat knit'!$C66)) | M66: =IFERROR(IF(L66>I66*1.5,0.5,1)*L66/$F66,"-") | O66: =MAX(SUMIFS('Shipment status'!$L:$L,'Shipment status'!$A:$A,TRIM(CLEAN(SUBSTITUTE(VLOOKUP($B66,'PPO-GO'!$D:$L,9,0)," ",""))),'Shipment status'!$H:$H,O$3,'Shipment status'!$K:$K,'Flat knit'!$C66),SUMIFS('Shipment status'!$L:$L,'Shipment status'!$A:$A,'Flat knit'!$B66,'Shipment status'!$H:$H,O$3,'Shipment status'!$K:$K,'Flat knit'!$C66)) | P66: =IFERROR(O66/$F66,"-") | R66: =MAX(SUMIFS('Shipment status'!$L:$L,'Shipment status'!$A:$A,TRIM(CLEAN(SUBSTITUTE(VLOOKUP($B66,'PPO-GO'!$D:$L,9,0)," ",""))),'Shipment status'!$H:$H,R$3,'Shipment status'!$K:$K,'Flat knit'!$C66),SUMIFS('Shipment status'!$L:$L,'Shipment status'!$A:$A,'Flat knit'!$B66,'Shipment status'!$H:$H,R$3,'Shipment status'!$K:$K,'Flat knit'!$C66)) | S66: =IFERROR(R66/$F66,"-") | T66: =SUMIFS('Shipment status'!$L:$L,'Shipment status'!$A:$A,'Flat knit'!$B66,'Shipment status'!$H:$H,T$3,'Shipment status'!$K:$K,'Flat knit'!$C66) | U66: =SUMIFS('Shipment status'!$L:$L,'Shipment status'!$A:$A,'Flat knit'!$B66,'Shipment status'!$H:$H,U$3,'Shipment status'!$K:$K,'Flat knit'!$C66) | V66: =SUMIFS('Shipment status'!$L:$L,'Shipment status'!$A:$A,'Flat knit'!$B66,'Shipment status'!$H:$H,V$3,'Shipment status'!$K:$K,'Flat knit'!$C66) | W66: =SUMIFS('Shipment status'!$L:$L,'Shipment status'!$A:$A,'Flat knit'!$B66,'Shipment status'!$H:$H,W$3,'Shipment status'!$K:$K,'Flat knit'!$C66) | X66: =SUMIFS('Shipment status'!$L:$L,'Shipment status'!$A:$A,'Flat knit'!$B66,'Shipment status'!$H:$H,X$3,'Shipment status'!$K:$K,'Flat knit'!$C66) | Y66: =SUMIFS('Shipment status'!$L:$L,'Shipment status'!$A:$A,'Flat knit'!$B66,'Shipment status'!$H:$H,Y$3,'Shipment status'!$K:$K,'Flat knit'!$C66) | Z66: =SUMIFS('Shipment status'!$L:$L,'Shipment status'!$A:$A,'Flat knit'!$B66,'Shipment status'!$H:$H,Z$3,'Shipment status'!$K:$K,'Flat knit'!$C66) | AA66: =SUMIFS('Shipment status'!$L:$L,'Shipment status'!$A:$A,'Flat knit'!$B66,'Shipment status'!$H:$H,AA$3,'Shipment status'!$K:$K,'Flat knit'!$C66) | ... AK66: =SUMIFS('Shipment status'!$L:$L,'Shipment status'!$A:$A,'Flat knit'!$B66,'Shipment status'!$H:$H,AK$3,'Shipment status'!$K:$K,'Flat knit'!$C66)
A67: Ancient Water | B67: 64 | C67: S | D67: 2 | E67: 2 | F67: 508 | G67: 0.28 | I67: =MAX(SUMIFS('Shipment status'!$L:$L,'Shipment status'!$A:$A,TRIM(CLEAN(SUBSTITUTE(VLOOKUP($B67&I$3,'PPO-GO'!$A:$AA,12,0)," ",""))),'Shipment status'!$H:$H,I$3,'Shipment status'!$K:$K,'Flat knit'!$C67),SUMIFS('Shipment status'!$L:$L,'Shipment status'!$A:$A,'Flat knit'!$B67,'Shipment status'!$H:$H,I$3,'Shipment status'!$K:$K,'Flat knit'!$C67)) | J67: =IFERROR(I67/$F67,"-") | L67: =MAX(SUMIFS('Shipment status'!$L:$L,'Shipment status'!$A:$A,TRIM(CLEAN(SUBSTITUTE(VLOOKUP($B67&L$3,'PPO-GO'!$A:$AA,12,0)," ",""))),'Shipment status'!$H:$H,L$3,'Shipment status'!$K:$K,'Flat knit'!$C67),SUMIFS('Shipment status'!$L:$L,'Shipment status'!$A:$A,'Flat knit'!$B67,'Shipment status'!$H:$H,L$3,'Shipment status'!$K:$K,'Flat knit'!$C67)) | M67: =IFERROR(IF(L67>I67*1.5,0.5,1)*L67/$F67,"-") | O67: =MAX(SUMIFS('Shipment status'!$L:$L,'Shipment status'!$A:$A,TRIM(CLEAN(SUBSTITUTE(VLOOKUP($B67,'PPO-GO'!$D:$L,9,0)," ",""))),'Shipment status'!$H:$H,O$3,'Shipment status'!$K:$K,'Flat knit'!$C67),SUMIFS('Shipment status'!$L:$L,'Shipment status'!$A:$A,'Flat knit'!$B67,'Shipment status'!$H:$H,O$3,'Shipment status'!$K:$K,'Flat knit'!$C67)) | P67: =IFERROR(O67/$F67,"-") | R67: =MAX(SUMIFS('Shipment status'!$L:$L,'Shipment status'!$A:$A,TRIM(CLEAN(SUBSTITUTE(VLOOKUP($B67,'PPO-GO'!$D:$L,9,0)," ",""))),'Shipment status'!$H:$H,R$3,'Shipment status'!$K:$K,'Flat knit'!$C67),SUMIFS('Shipment status'!$L:$L,'Shipment status'!$A:$A,'Flat knit'!$B67,'Shipment status'!$H:$H,R$3,'Shipment status'!$K:$K,'Flat knit'!$C67)) | S67: =IFERROR(R67/$F67,"-") | T67: =SUMIFS('Shipment status'!$L:$L,'Shipment status'!$A:$A,'Flat knit'!$B67,'Shipment status'!$H:$H,T$3,'Shipment status'!$K:$K,'Flat knit'!$C67) | U67: =SUMIFS('Shipment status'!$L:$L,'Shipment status'!$A:$A,'Flat knit'!$B67,'Shipment status'!$H:$H,U$3,'Shipment status'!$K:$K,'Flat knit'!$C67) | V67: =SUMIFS('Shipment status'!$L:$L,'Shipment status'!$A:$A,'Flat knit'!$B67,'Shipment status'!$H:$H,V$3,'Shipment status'!$K:$K,'Flat knit'!$C67) | W67: =SUMIFS('Shipment status'!$L:$L,'Shipment status'!$A:$A,'Flat knit'!$B67,'Shipment status'!$H:$H,W$3,'Shipment status'!$K:$K,'Flat knit'!$C67) | X67: =SUMIFS('Shipment status'!$L:$L,'Shipment status'!$A:$A,'Flat knit'!$B67,'Shipment status'!$H:$H,X$3,'Shipment status'!$K:$K,'Flat knit'!$C67) | Y67: =SUMIFS('Shipment status'!$L:$L,'Shipment status'!$A:$A,'Flat knit'!$B67,'Shipment status'!$H:$H,Y$3,'Shipment status'!$K:$K,'Flat knit'!$C67) | Z67: =SUMIFS('Shipment status'!$L:$L,'Shipment status'!$A:$A,'Flat knit'!$B67,'Shipment status'!$H:$H,Z$3,'Shipment status'!$K:$K,'Flat knit'!$C67) | AA67: =SUMIFS('Shipment status'!$L:$L,'Shipment status'!$A:$A,'Flat knit'!$B67,'Shipment status'!$H:$H,AA$3,'Shipment status'!$K:$K,'Flat knit'!$C67) | ... AK67: =SUMIFS('Shipment status'!$L:$L,'Shipment status'!$A:$A,'Flat knit'!$B67,'Shipment status'!$H:$H,AK$3,'Shipment status'!$K:$K,'Flat knit'!$C67)
A68: Ancient Water | B68: 64 | C68: M | D68: 2 | E68: 2 | F68: 1047 | G68: 2.1 | I68: =MAX(SUMIFS('Shipment status'!$L:$L,'Shipment status'!$A:$A,TRIM(CLEAN(SUBSTITUTE(VLOOKUP($B68&I$3,'PPO-GO'!$A:$AA,12,0)," ",""))),'Shipment status'!$H:$H,I$3,'Shipment status'!$K:$K,'Flat knit'!$C68),SUMIFS('Shipment status'!$L:$L,'Shipment status'!$A:$A,'Flat knit'!$B68,'Shipment status'!$H:$H,I$3,'Shipment status'!$K:$K,'Flat knit'!$C68)) | J68: =IFERROR(I68/$F68,"-") | L68: =MAX(SUMIFS('Shipment status'!$L:$L,'Shipment status'!$A:$A,TRIM(CLEAN(SUBSTITUTE(VLOOKUP($B68&L$3,'PPO-GO'!$A:$AA,12,0)," ",""))),'Shipment status'!$H:$H,L$3,'Shipment status'!$K:$K,'Flat knit'!$C68),SUMIFS('Shipment status'!$L:$L,'Shipment status'!$A:$A,'Flat knit'!$B68,'Shipment status'!$H:$H,L$3,'Shipment status'!$K:$K,'Flat knit'!$C68)) | M68: =IFERROR(IF(L68>I68*1.5,0.5,1)*L68/$F68,"-") | O68: =MAX(SUMIFS('Shipment status'!$L:$L,'Shipment status'!$A:$A,TRIM(CLEAN(SUBSTITUTE(VLOOKUP($B68,'PPO-GO'!$D:$L,9,0)," ",""))),'Shipment status'!$H:$H,O$3,'Shipment status'!$K:$K,'Flat knit'!$C68),SUMIFS('Shipment status'!$L:$L,'Shipment status'!$A:$A,'Flat knit'!$B68,'Shipment status'!$H:$H,O$3,'Shipment status'!$K:$K,'Flat knit'!$C68)) | P68: =IFERROR(O68/$F68,"-") | R68: =MAX(SUMIFS('Shipment status'!$L:$L,'Shipment status'!$A:$A,TRIM(CLEAN(SUBSTITUTE(VLOOKUP($B68,'PPO-GO'!$D:$L,9,0)," ",""))),'Shipment status'!$H:$H,R$3,'Shipment status'!$K:$K,'Flat knit'!$C68),SUMIFS('Shipment status'!$L:$L,'Shipment status'!$A:$A,'Flat knit'!$B68,'Shipment status'!$H:$H,R$3,'Shipment status'!$K:$K,'Flat knit'!$C68)) | S68: =IFERROR(R68/$F68,"-") | T68: =SUMIFS('Shipment status'!$L:$L,'Shipment status'!$A:$A,'Flat knit'!$B68,'Shipment status'!$H:$H,T$3,'Shipment status'!$K:$K,'Flat knit'!$C68) | U68: =SUMIFS('Shipment status'!$L:$L,'Shipment status'!$A:$A,'Flat knit'!$B68,'Shipment status'!$H:$H,U$3,'Shipment status'!$K:$K,'Flat knit'!$C68) | V68: =SUMIFS('Shipment status'!$L:$L,'Shipment status'!$A:$A,'Flat knit'!$B68,'Shipment status'!$H:$H,V$3,'Shipment status'!$K:$K,'Flat knit'!$C68) | W68: =SUMIFS('Shipment status'!$L:$L,'Shipment status'!$A:$A,'Flat knit'!$B68,'Shipment status'!$H:$H,W$3,'Shipment status'!$K:$K,'Flat knit'!$C68) | X68: =SUMIFS('Shipment status'!$L:$L,'Shipment status'!$A:$A,'Flat knit'!$B68,'Shipment status'!$H:$H,X$3,'Shipment status'!$K:$K,'Flat knit'!$C68) | Y68: =SUMIFS('Shipment status'!$L:$L,'Shipment status'!$A:$A,'Flat knit'!$B68,'Shipment status'!$H:$H,Y$3,'Shipment status'!$K:$K,'Flat knit'!$C68) | Z68: =SUMIFS('Shipment status'!$L:$L,'Shipment status'!$A:$A,'Flat knit'!$B68,'Shipment status'!$H:$H,Z$3,'Shipment status'!$K:$K,'Flat knit'!$C68) | AA68: =SUMIFS('Shipment status'!$L:$L,'Shipment status'!$A:$A,'Flat knit'!$B68,'Shipment status'!$H:$H,AA$3,'Shipment status'!$K:$K,'Flat knit'!$C68) | ... AK68: =SUMIFS('Shipment status'!$L:$L,'Shipment status'!$A:$A,'Flat knit'!$B68,'Shipment status'!$H:$H,AK$3,'Shipment status'!$K:$K,'Flat knit'!$C68)
A69: Ancient Water | B69: 64 | C69: L | D69: 2 | E69: 2 | F69: 1303 | G69: 3.96 | I69: =MAX(SUMIFS('Shipment status'!$L:$L,'Shipment status'!$A:$A,TRIM(CLEAN(SUBSTITUTE(VLOOKUP($B69&I$3,'PPO-GO'!$A:$AA,12,0)," ",""))),'Shipment status'!$H:$H,I$3,'Shipment status'!$K:$K,'Flat knit'!$C69),SUMIFS('Shipment status'!$L:$L,'Shipment status'!$A:$A,'Flat knit'!$B69,'Shipment status'!$H:$H,I$3,'Shipment status'!$K:$K,'Flat knit'!$C69)) | J69: =IFERROR(I69/$F69,"-") | L69: =MAX(SUMIFS('Shipment status'!$L:$L,'Shipment status'!$A:$A,TRIM(CLEAN(SUBSTITUTE(VLOOKUP($B69&L$3,'PPO-GO'!$A:$AA,12,0)," ",""))),'Shipment status'!$H:$H,L$3,'Shipment status'!$K:$K,'Flat knit'!$C69),SUMIFS('Shipment status'!$L:$L,'Shipment status'!$A:$A,'Flat knit'!$B69,'Shipment status'!$H:$H,L$3,'Shipment status'!$K:$K,'Flat knit'!$C69)) | M69: =IFERROR(IF(L69>I69*1.5,0.5,1)*L69/$F69,"-") | O69: =MAX(SUMIFS('Shipment status'!$L:$L,'Shipment status'!$A:$A,TRIM(CLEAN(SUBSTITUTE(VLOOKUP($B69,'PPO-GO'!$D:$L,9,0)," ",""))),'Shipment status'!$H:$H,O$3,'Shipment status'!$K:$K,'Flat knit'!$C69),SUMIFS('Shipment status'!$L:$L,'Shipment status'!$A:$A,'Flat knit'!$B69,'Shipment status'!$H:$H,O$3,'Shipment status'!$K:$K,'Flat knit'!$C69)) | P69: =IFERROR(O69/$F69,"-") | R69: =MAX(SUMIFS('Shipment status'!$L:$L,'Shipment status'!$A:$A,TRIM(CLEAN(SUBSTITUTE(VLOOKUP($B69,'PPO-GO'!$D:$L,9,0)," ",""))),'Shipment status'!$H:$H,R$3,'Shipment status'!$K:$K,'Flat knit'!$C69),SUMIFS('Shipment status'!$L:$L,'Shipment status'!$A:$A,'Flat knit'!$B69,'Shipment status'!$H:$H,R$3,'Shipment status'!$K:$K,'Flat knit'!$C69)) | S69: =IFERROR(R69/$F69,"-") | T69: =SUMIFS('Shipment status'!$L:$L,'Shipment status'!$A:$A,'Flat knit'!$B69,'Shipment status'!$H:$H,T$3,'Shipment status'!$K:$K,'Flat knit'!$C69) | U69: =SUMIFS('Shipment status'!$L:$L,'Shipment status'!$A:$A,'Flat knit'!$B69,'Shipment status'!$H:$H,U$3,'Shipment status'!$K:$K,'Flat knit'!$C69) | V69: =SUMIFS('Shipment status'!$L:$L,'Shipment status'!$A:$A,'Flat knit'!$B69,'Shipment status'!$H:$H,V$3,'Shipment status'!$K:$K,'Flat knit'!$C69) | W69: =SUMIFS('Shipment status'!$L:$L,'Shipment status'!$A:$A,'Flat knit'!$B69,'Shipment status'!$H:$H,W$3,'Shipment status'!$K:$K,'Flat knit'!$C69) | X69: =SUMIFS('Shipment status'!$L:$L,'Shipment status'!$A:$A,'Flat knit'!$B69,'Shipment status'!$H:$H,X$3,'Shipment status'!$K:$K,'Flat knit'!$C69) | Y69: =SUMIFS('Shipment status'!$L:$L,'Shipment status'!$A:$A,'Flat knit'!$B69,'Shipment status'!$H:$H,Y$3,'Shipment status'!$K:$K,'Flat knit'!$C69) | Z69: =SUMIFS('Shipment status'!$L:$L,'Shipment status'!$A:$A,'Flat knit'!$B69,'Shipment status'!$H:$H,Z$3,'Shipment status'!$K:$K,'Flat knit'!$C69) | AA69: =SUMIFS('Shipment status'!$L:$L,'Shipment status'!$A:$A,'Flat knit'!$B69,'Shipment status'!$H:$H,AA$3,'Shipment status'!$K:$K,'Flat knit'!$C69) | ... AK69: =SUMIFS('Shipment status'!$L:$L,'Shipment status'!$A:$A,'Flat knit'!$B69,'Shipment status'!$H:$H,AK$3,'Shipment status'!$K:$K,'Flat knit'!$C69)
A70: Ancient Water | B70: 64 | C70: TTL | D70: 2 | E70: 2 | F70: 5170 | G70: 4 | I70: =MAX(SUMIFS('Shipment status'!$L:$L,'Shipment status'!$A:$A,TRIM(CLEAN(SUBSTITUTE(VLOOKUP($B70&I$3,'PPO-GO'!$A:$AA,12,0)," ",""))),'Shipment status'!$H:$H,I$3,'Shipment status'!$K:$K,'Flat knit'!$C70),SUMIFS('Shipment status'!$L:$L,'Shipment status'!$A:$A,'Flat knit'!$B70,'Shipment status'!$H:$H,I$3,'Shipment status'!$K:$K,'Flat knit'!$C70)) | J70: =IFERROR(I70/$F70,"-") | L70: =MAX(SUMIFS('Shipment status'!$L:$L,'Shipment status'!$A:$A,TRIM(CLEAN(SUBSTITUTE(VLOOKUP($B70&L$3,'PPO-GO'!$A:$AA,12,0)," ",""))),'Shipment status'!$H:$H,L$3,'Shipment status'!$K:$K,'Flat knit'!$C70),SUMIFS('Shipment status'!$L:$L,'Shipment status'!$A:$A,'Flat knit'!$B70,'Shipment status'!$H:$H,L$3,'Shipment status'!$K:$K,'Flat knit'!$C70)) | M70: =IFERROR(IF(L70>I70*1.5,0.5,1)*L70/$F70,"-") | O70: =MAX(SUMIFS('Shipment status'!$L:$L,'Shipment status'!$A:$A,TRIM(CLEAN(SUBSTITUTE(VLOOKUP($B70,'PPO-GO'!$D:$L,9,0)," ",""))),'Shipment status'!$H:$H,O$3,'Shipment status'!$K:$K,'Flat knit'!$C70),SUMIFS('Shipment status'!$L:$L,'Shipment status'!$A:$A,'Flat knit'!$B70,'Shipment status'!$H:$H,O$3,'Shipment status'!$K:$K,'Flat knit'!$C70)) | P70: =IFERROR(O70/$F70,"-") | R70: =MAX(SUMIFS('Shipment status'!$L:$L,'Shipment status'!$A:$A,TRIM(CLEAN(SUBSTITUTE(VLOOKUP($B70,'PPO-GO'!$D:$L,9,0)," ",""))),'Shipment status'!$H:$H,R$3,'Shipment status'!$K:$K,'Flat knit'!$C70),SUMIFS('Shipment status'!$L:$L,'Shipment status'!$A:$A,'Flat knit'!$B70,'Shipment status'!$H:$H,R$3,'Shipment status'!$K:$K,'Flat knit'!$C70)) | S70: =IFERROR(R70/$F70,"-") | T70: =SUMIFS('Shipment status'!$L:$L,'Shipment status'!$A:$A,'Flat knit'!$B70,'Shipment status'!$H:$H,T$3,'Shipment status'!$K:$K,'Flat knit'!$C70) | U70: =SUMIFS('Shipment status'!$L:$L,'Shipment status'!$A:$A,'Flat knit'!$B70,'Shipment status'!$H:$H,U$3,'Shipment status'!$K:$K,'Flat knit'!$C70) | V70: =SUMIFS('Shipment status'!$L:$L,'Shipment status'!$A:$A,'Flat knit'!$B70,'Shipment status'!$H:$H,V$3,'Shipment status'!$K:$K,'Flat knit'!$C70) | W70: =SUMIFS('Shipment status'!$L:$L,'Shipment status'!$A:$A,'Flat knit'!$B70,'Shipment status'!$H:$H,W$3,'Shipment status'!$K:$K,'Flat knit'!$C70) | X70: =SUMIFS('Shipment status'!$L:$L,'Shipment status'!$A:$A,'Flat knit'!$B70,'Shipment status'!$H:$H,X$3,'Shipment status'!$K:$K,'Flat knit'!$C70) | Y70: =SUMIFS('Shipment status'!$L:$L,'Shipment status'!$A:$A,'Flat knit'!$B70,'Shipment status'!$H:$H,Y$3,'Shipment status'!$K:$K,'Flat knit'!$C70) | Z70: =SUMIFS('Shipment status'!$L:$L,'Shipment status'!$A:$A,'Flat knit'!$B70,'Shipment status'!$H:$H,Z$3,'Shipment status'!$K:$K,'Flat knit'!$C70) | AA70: =SUMIFS('Shipment status'!$L:$L,'Shipment status'!$A:$A,'Flat knit'!$B70,'Shipment status'!$H:$H,AA$3,'Shipment status'!$K:$K,'Flat knit'!$C70) | ... AK70: =SUMIFS('Shipment status'!$L:$L,'Shipment status'!$A:$A,'Flat knit'!$B70,'Shipment status'!$H:$H,AK$3,'Shipment status'!$K:$K,'Flat knit'!$C70)
A71: Ancient Water | B71: 64 | C71: XXXL | D71: 2 | E71: 2 | F71: 174 | G71: 1.36 | I71: =MAX(SUMIFS('Shipment status'!$L:$L,'Shipment status'!$A:$A,TRIM(CLEAN(SUBSTITUTE(VLOOKUP($B71&I$3,'PPO-GO'!$A:$AA,12,0)," ",""))),'Shipment status'!$H:$H,I$3,'Shipment status'!$K:$K,'Flat knit'!$C71),SUMIFS('Shipment status'!$L:$L,'Shipment status'!$A:$A,'Flat knit'!$B71,'Shipment status'!$H:$H,I$3,'Shipment status'!$K:$K,'Flat knit'!$C71)) | J71: =IFERROR(I71/$F71,"-") | L71: =MAX(SUMIFS('Shipment status'!$L:$L,'Shipment status'!$A:$A,TRIM(CLEAN(SUBSTITUTE(VLOOKUP($B71&L$3,'PPO-GO'!$A:$AA,12,0)," ",""))),'Shipment status'!$H:$H,L$3,'Shipment status'!$K:$K,'Flat knit'!$C71),SUMIFS('Shipment status'!$L:$L,'Shipment status'!$A:$A,'Flat knit'!$B71,'Shipment status'!$H:$H,L$3,'Shipment status'!$K:$K,'Flat knit'!$C71)) | M71: =IFERROR(IF(L71>I71*1.5,0.5,1)*L71/$F71,"-") | O71: =MAX(SUMIFS('Shipment status'!$L:$L,'Shipment status'!$A:$A,TRIM(CLEAN(SUBSTITUTE(VLOOKUP($B71,'PPO-GO'!$D:$L,9,0)," ",""))),'Shipment status'!$H:$H,O$3,'Shipment status'!$K:$K,'Flat knit'!$C71),SUMIFS('Shipment status'!$L:$L,'Shipment status'!$A:$A,'Flat knit'!$B71,'Shipment status'!$H:$H,O$3,'Shipment status'!$K:$K,'Flat knit'!$C71)) | P71: =IFERROR(O71/$F71,"-") | R71: =MAX(SUMIFS('Shipment status'!$L:$L,'Shipment status'!$A:$A,TRIM(CLEAN(SUBSTITUTE(VLOOKUP($B71,'PPO-GO'!$D:$L,9,0)," ",""))),'Shipment status'!$H:$H,R$3,'Shipment status'!$K:$K,'Flat knit'!$C71),SUMIFS('Shipment status'!$L:$L,'Shipment status'!$A:$A,'Flat knit'!$B71,'Shipment status'!$H:$H,R$3,'Shipment status'!$K:$K,'Flat knit'!$C71)) | S71: =IFERROR(R71/$F71,"-") | T71: =SUMIFS('Shipment status'!$L:$L,'Shipment status'!$A:$A,'Flat knit'!$B71,'Shipment status'!$H:$H,T$3,'Shipment status'!$K:$K,'Flat knit'!$C71) | U71: =SUMIFS('Shipment status'!$L:$L,'Shipment status'!$A:$A,'Flat knit'!$B71,'Shipment status'!$H:$H,U$3,'Shipment status'!$K:$K,'Flat knit'!$C71) | V71: =SUMIFS('Shipment status'!$L:$L,'Shipment status'!$A:$A,'Flat knit'!$B71,'Shipment status'!$H:$H,V$3,'Shipment status'!$K:$K,'Flat knit'!$C71) | W71: =SUMIFS('Shipment status'!$L:$L,'Shipment status'!$A:$A,'Flat knit'!$B71,'Shipment status'!$H:$H,W$3,'Shipment status'!$K:$K,'Flat knit'!$C71) | X71: =SUMIFS('Shipment status'!$L:$L,'Shipment status'!$A:$A,'Flat knit'!$B71,'Shipment status'!$H:$H,X$3,'Shipment status'!$K:$K,'Flat knit'!$C71) | Y71: =SUMIFS('Shipment status'!$L:$L,'Shipment status'!$A:$A,'Flat knit'!$B71,'Shipment status'!$H:$H,Y$3,'Shipment status'!$K:$K,'Flat knit'!$C71) | Z71: =SUMIFS('Shipment status'!$L:$L,'Shipment status'!$A:$A,'Flat knit'!$B71,'Shipment status'!$H:$H,Z$3,'Shipment status'!$K:$K,'Flat knit'!$C71) | AA71: =SUMIFS('Shipment status'!$L:$L,'Shipment status'!$A:$A,'Flat knit'!$B71,'Shipment status'!$H:$H,AA$3,'Shipment status'!$K:$K,'Flat knit'!$C71) | ... AK71: =SUMIFS('Shipment status'!$L:$L,'Shipment status'!$A:$A,'Flat knit'!$B71,'Shipment status'!$H:$H,AK$3,'Shipment status'!$K:$K,'Flat knit'!$C71)
